Program ID,Program Name,Language,Week,Step,Step Title,Vimeo ID,Vimeo URL,Duration
1,"The Incredible You Mind Hacker Coach Training In Hindi",HINDI,0,1,"INNER DNA TEST",,"",
1,"The Incredible You Mind Hacker Coach Training In Hindi",HINDI,0,2,"SAFAR KI SHURUAAT",742591360,"https://vimeo.com/742591360",09:33
1,"The Incredible You Mind Hacker Coach Training In Hindi",HINDI,0,3,"INNER DNA TEST KO BEHTAR SE SAMJHE",742590583,"https://vimeo.com/742590583",41:28
1,"The Incredible You Mind Hacker Coach Training In Hindi",HINDI,0,4,"ACTIVITY",,"",
1,"The Incredible You Mind Hacker Coach Training In Hindi",HINDI,1,1,"CLIENT KA INTRODUCTION",742591179,"https://vimeo.com/742591179",07:49
1,"The Incredible You Mind Hacker Coach Training In Hindi",HINDI,1,2,"WHEEL OF LIFE (ACTIVITY)",742591084,"https://vimeo.com/742591084",04:13
1,"The Incredible You Mind Hacker Coach Training In Hindi",HINDI,1,3,"WHEEL OF LIFE (AAPKA STHITI KA WHEEL OF LIFE KE SATH CONNECTION)",742590363,"https://vimeo.com/742590363",15:41
1,"The Incredible You Mind Hacker Coach Training In Hindi",HINDI,1,4,"WHEEL OF LIFE (DEBRIEF)",742590214,"https://vimeo.com/742590214",08:40
1,"The Incredible You Mind Hacker Coach Training In Hindi",HINDI,1,5,"INTRODUCTION TO DISCOVER YOUR INNER DNA",742589943,"https://vimeo.com/742589943",25:56
1,"The Incredible You Mind Hacker Coach Training In Hindi",HINDI,1,6,"DISCOVER YOUR INNER DNA",742589795,"https://vimeo.com/742589795",09:17
1,"The Incredible You Mind Hacker Coach Training In Hindi",HINDI,1,7,"THE SPEECH (ACTIVITY)",742589411,"https://vimeo.com/742589411",18:40
1,"The Incredible You Mind Hacker Coach Training In Hindi",HINDI,1,8,"THE SPEECH (DEBRIEF)",742589621,"https://vimeo.com/742589621",10:29
1,"The Incredible You Mind Hacker Coach Training In Hindi",HINDI,1,9,"DISCOVER YOUR BASELINES (ACTIVITY)",,"",
1,"The Incredible You Mind Hacker Coach Training In Hindi",HINDI,1,10,"DISCOVER YOUR BASELINES (DEBRIEF)",742589294,"https://vimeo.com/742589294",08:32
1,"The Incredible You Mind Hacker Coach Training In Hindi",HINDI,1,11,"BASELINES EXPRESSION & NON- EXPRESSION ACTIVITY INSTRUCTIONS",742589243,"https://vimeo.com/742589243",01:31
1,"The Incredible You Mind Hacker Coach Training In Hindi",HINDI,1,12,"BASELINE EXPRESSION (ACTIVITY & DEBRIEF)",742588924,"https://vimeo.com/742588924",20:24
1,"The Incredible You Mind Hacker Coach Training In Hindi",HINDI,1,13,"BASELINE NON - EXPRESSION (ACTIVITY & DEBRIEF)",742588725,"https://vimeo.com/742588725",12:17
1,"The Incredible You Mind Hacker Coach Training In Hindi",HINDI,1,14,"THE CHANGE (ACTIVITY)",742589176,"https://vimeo.com/742589176",05:42
1,"The Incredible You Mind Hacker Coach Training In Hindi",HINDI,1,15,"THE CHANGE (DEBRIEF & CONCLUSION)",742588628,"https://vimeo.com/742588628",07:49
1,"The Incredible You Mind Hacker Coach Training In Hindi",HINDI,2,1,"RECAP",742588524,"https://vimeo.com/742588524",04:19
1,"The Incredible You Mind Hacker Coach Training In Hindi",HINDI,2,2,"AAP KA NAZARIYA,AUR USKE NATIJE",742588358,"https://vimeo.com/742588358",09:06
1,"The Incredible You Mind Hacker Coach Training In Hindi",HINDI,2,3,"INTRODUCTION TO INTEGRATED POWER CODING",742588117,"https://vimeo.com/742588117",15:27
1,"The Incredible You Mind Hacker Coach Training In Hindi",HINDI,2,4,"ZINDAGi KE AHEM PAL (DEFINING MOMENTS)",742587875,"https://vimeo.com/742587875",22:43
1,"The Incredible You Mind Hacker Coach Training In Hindi",HINDI,3,1,"PICHHLE HAFTO KA RECAP",742587048,"https://vimeo.com/742587048",03:05
1,"The Incredible You Mind Hacker Coach Training In Hindi",HINDI,3,2,"OUTCOMES KYA HOTE HAI",742586216,"https://vimeo.com/742586216",11:36
1,"The Incredible You Mind Hacker Coach Training In Hindi",HINDI,3,3,"MERE APNE OUTCOMES",742586025,"https://vimeo.com/742586025",13:30
1,"The Incredible You Mind Hacker Coach Training In Hindi",HINDI,3,4,"MERE APNE OUTCOMES (DEBRIEF)",742585767,"https://vimeo.com/742585767",15:07
1,"The Incredible You Mind Hacker Coach Training In Hindi",HINDI,3,5,"APNE OUTCOMES KO DEFINE KARE (ACTIVITY & DEBRIEF)",742585543,"https://vimeo.com/742585543",16:10
1,"The Incredible You Mind Hacker Coach Training In Hindi",HINDI,3,6,"INCRED OUTCOMES",742584741,"https://vimeo.com/742584741",22:11
1,"The Incredible You Mind Hacker Coach Training In Hindi",HINDI,3,7,"INCRED OUTCOMES (ACTIVITY)",742585143,"https://vimeo.com/742585143",17:51
1,"The Incredible You Mind Hacker Coach Training In Hindi",HINDI,3,8,"INCRED OUTCOMES (DEBRIEF)",742585943,"https://vimeo.com/742585943",06:24
1,"The Incredible You Mind Hacker Coach Training In Hindi",HINDI,3,9,"POWER LEAPS",742585329,"https://vimeo.com/742585329",19:00
1,"The Incredible You Mind Hacker Coach Training In Hindi",HINDI,3,10,"POWER LEAPS (ACTIVITY)",742584458,"https://vimeo.com/742584458",21:51
1,"The Incredible You Mind Hacker Coach Training In Hindi",HINDI,3,11,"CONCLUSION",742585018,"https://vimeo.com/742585018",08:58
1,"The Incredible You Mind Hacker Coach Training In Hindi",HINDI,4,1,"UNLEASH YOU & Aapke faisle",742583860,"https://vimeo.com/742583860",11:58
1,"The Incredible You Mind Hacker Coach Training In Hindi",HINDI,4,2,"MERE PAST MEIN KIYE GAYE FAISLE AUR UNKE ANJAM.",742583650,"https://vimeo.com/742583650",14:04
1,"The Incredible You Mind Hacker Coach Training In Hindi",HINDI,4,4,"DECISION MAKING WHEEL (DEBRIEF)",742584189,"https://vimeo.com/742584189",13:17
1,"The Incredible You Mind Hacker Coach Training In Hindi",HINDI,4,5,"AAIYE,EK FAISLA KARE (ACTIVITY )",742583229,"https://vimeo.com/742583229",16:13
1,"The Incredible You Mind Hacker Coach Training In Hindi",HINDI,4,6,"BUZZ MOMENTS KYA HOTE HAI?",742582974,"https://vimeo.com/742582974",14:02
1,"The Incredible You Mind Hacker Coach Training In Hindi",HINDI,4,7,"BUZZ MOMENTS (ACTIVITY)",742593202,"https://vimeo.com/742593202",26:08
1,"The Incredible You Mind Hacker Coach Training In Hindi",HINDI,4,8,"AAPKA MASTERMIND,AUR AAP KA MAHAUL",742582365,"https://vimeo.com/742582365",20:42
1,"The Incredible You Mind Hacker Coach Training In Hindi",HINDI,4,9,"APNA MASTERMIND CHUNE (ACTIVITY)",742583502,"https://vimeo.com/742583502",07:34
1,"The Incredible You Mind Hacker Coach Training In Hindi",HINDI,4,10,"APNA MASTERMIND CHUNE (DEBRIEF)",742593632,"https://vimeo.com/742593632",20:14
1,"The Incredible You Mind Hacker Coach Training In Hindi",HINDI,4,11,"SUMMARY",742582850,"https://vimeo.com/742582850",05:37
1,"The Incredible You Mind Hacker Coach Training In Hindi",HINDI,5,1,"RECAP",742593057,"https://vimeo.com/742593057",06:09
1,"The Incredible You Mind Hacker Coach Training In Hindi",HINDI,5,2,"AAPKE IMAGINATION KI TAKAT SE BANNE WALA CRAZY DREAMS",742592140,"https://vimeo.com/742592140",28:37
1,"The Incredible You Mind Hacker Coach Training In Hindi",HINDI,4,3,"DECISION MAKING WHEEL (ACTIVITY)",742584056,"https://vimeo.com/742584056",08:27
1,"The Incredible You Mind Hacker Coach Training In Hindi",HINDI,5,4,"CRAZY DREAMS (DEBRIEF)AUR AAPKA VISION BOARD",742591831,"https://vimeo.com/742591831",23:47
1,"The Incredible You Mind Hacker Coach Training In Hindi",HINDI,5,5,"VISION BOARD (DEBRIEF )",742592517,"https://vimeo.com/742592517",11:24
1,"The Incredible You Mind Hacker Coach Training In Hindi",HINDI,5,6,"AAPKA KHUD KA SUCCESS BLUEPRINT",742591547,"https://vimeo.com/742591547",21:01
1,"The Incredible You Mind Hacker Coach Training In Hindi",HINDI,5,7,"AAPKE INCREDIBLE SAFAR KI SHURUAAT",742592761,"https://vimeo.com/742592761",07:15
1,"The Incredible You Mind Hacker Coach Training In Hindi",HINDI,6,2,"The Incredible You 10 week Coaching Hub",,"",
1,"The Incredible You Mind Hacker Coach Training In Hindi",HINDI,7,1,"THE INCREDIBLE YOU FOUNDATION PROGRAM IN HINDI REGISTRATION LINK",,"",
10,"Coach to a Fortune Foundation X In Hindi",HINDI,0,1,"Aap kaun hai?",,"",
10,"Coach to a Fortune Foundation X In Hindi",HINDI,0,2,"Aap coach kaise ban sakte hai?",742278560,"https://vimeo.com/742278560",07:34
10,"Coach to a Fortune Foundation X In Hindi",HINDI,0,3,"Meri traning kab shuru hogi?",,"",
10,"Coach to a Fortune Foundation X In Hindi",HINDI,1,1,"Ek coach ki mindset kaisi honi chahiye ?",742279447,"https://vimeo.com/742279447",08:30
10,"Coach to a Fortune Foundation X In Hindi",HINDI,1,2,"Reframing (punah nirmaan)",,"",
10,"Coach to a Fortune Foundation X In Hindi",HINDI,1,3,"Codes ka importance janiye",742279211,"https://vimeo.com/742279211",08:49
10,"Coach to a Fortune Foundation X In Hindi",HINDI,1,4,"Truth",,"",
10,"Coach to a Fortune Foundation X In Hindi",HINDI,2,1,"Vision and mission kya hota hai?",742279345,"https://vimeo.com/742279345",04:41
10,"Coach to a Fortune Foundation X In Hindi",HINDI,2,2,"Badhiye apne vision aur mission ki taraf",742278976,"https://vimeo.com/742278976",19:02
10,"Coach to a Fortune Foundation X In Hindi",HINDI,3,1,"Apni Niche pehchane",742278683,"https://vimeo.com/742278683",12:18
10,"Coach to a Fortune Foundation X In Hindi",HINDI,4,1,"Kya hai aap ki Story?",742278868,"https://vimeo.com/742278868",05:56
10,"Coach to a Fortune Foundation X In Hindi",HINDI,4,2,"Aapki Story aap ki pehchan",742278490,"https://vimeo.com/742278490",03:07
10,"Coach to a Fortune Foundation X In Hindi",HINDI,5,1,"Coaches fail kyu hote hai?",742279540,"https://vimeo.com/742279540",05:16
10,"Coach to a Fortune Foundation X In Hindi",HINDI,6,1,"Certificate",,"",
3,"The Incredible You 10 Week Coaching In Hindi",HINDI,1,1,"10-saptah ki yatra mein aapka swagat hai.",783936774,"https://vimeo.com/783936774",06:28
3,"The Incredible You 10 Week Coaching In Hindi",HINDI,1,2,"INNER DNA TEST",,"",
3,"The Incredible You 10 Week Coaching In Hindi",HINDI,1,4,"WHEEL OF LIFE ( ACTIVITY )",783940562,"https://vimeo.com/783940562",00:58
3,"The Incredible You 10 Week Coaching In Hindi",HINDI,1,3,"WHO ARE YOU ( DEBRIEF )",783938671,"https://vimeo.com/783938671",08:31
3,"The Incredible You 10 Week Coaching In Hindi",HINDI,1,5,"WHEEL OF LIFE ( DEBRIEF )",783943156,"https://vimeo.com/783943156",04:48
3,"The Incredible You 10 Week Coaching In Hindi",HINDI,1,6,"YOUR INNER DNA",783952765,"https://vimeo.com/783952765",07:12
3,"The Incredible You 10 Week Coaching In Hindi",HINDI,1,7,"THE SPEECH ( ACTIVITY )",783955150,"https://vimeo.com/783955150",01:39
3,"The Incredible You 10 Week Coaching In Hindi",HINDI,8,1,"Aathave hafte mein aapka swagat!",784115708,"https://vimeo.com/784115708",01:00
3,"The Incredible You 10 Week Coaching In Hindi",HINDI,1,9,"DISCOVER YOUR INNER DNA ( ACTIVITY )",,"",
3,"The Incredible You 10 Week Coaching In Hindi",HINDI,2,1,"Incredible you program ke dusre hafte mein aap sabka swagat hai !",784092415,"https://vimeo.com/784092415",05:10
3,"The Incredible You 10 Week Coaching In Hindi",HINDI,2,2,"BASELINES EXPRESSION ACTIVITY",784094769,"https://vimeo.com/784094769",02:05
3,"The Incredible You 10 Week Coaching In Hindi",HINDI,2,3,"BASELINES NON - EXPRESSION ACTIVITY",784095886,"https://vimeo.com/784095886",01:52
3,"The Incredible You 10 Week Coaching In Hindi",HINDI,2,4,"BASELINES EXPRESSION AND NON - EXPRESSION DEBRIEF",784097761,"https://vimeo.com/784097761",03:27
3,"The Incredible You 10 Week Coaching In Hindi",HINDI,2,5,"THE CHANGE ACTIVITY",,"",
3,"The Incredible You 10 Week Coaching In Hindi",HINDI,2,6,"THE CHANGE DEBRIEF AND JOURNAL EXERCISE",784098398,"https://vimeo.com/784098398",07:58
3,"The Incredible You 10 Week Coaching In Hindi",HINDI,3,1,"Teesare hafte mein aapka swagat hai!",784101028,"https://vimeo.com/784101028",09:21
3,"The Incredible You 10 Week Coaching In Hindi",HINDI,3,3,"LETTING GO HOLDING ON ACTIVITY",,"",
3,"The Incredible You 10 Week Coaching In Hindi",HINDI,3,4,"LETTING GO HOLDING ON DEBRIEF",784104871,"https://vimeo.com/784104871",06:21
3,"The Incredible You 10 Week Coaching In Hindi",HINDI,4,1,"Aapka CODING (TOOL)",784106168,"https://vimeo.com/784106168",03:34
3,"The Incredible You 10 Week Coaching In Hindi",HINDI,4,2,"CODING DEBRIEF",742275139,"https://vimeo.com/742275139",2:20
3,"The Incredible You 10 Week Coaching In Hindi",HINDI,4,3,"Aapki kahani (ACTIVITY)",784106554,"https://vimeo.com/784106554",07:22
3,"The Incredible You 10 Week Coaching In Hindi",HINDI,4,4,"Aapki kahani (DEBRIEF)",,"",
3,"The Incredible You 10 Week Coaching In Hindi",HINDI,5,1,"Aapka outcomes plus par swagat hai !",784107373,"https://vimeo.com/784107373",10:05
3,"The Incredible You 10 Week Coaching In Hindi",HINDI,5,2,"Kaunse outcome ko ahmiyat de? (ACTIVITY)",,"",
3,"The Incredible You 10 Week Coaching In Hindi",HINDI,3,2,"DEFINING MOMENTS",784102758,"https://vimeo.com/784102758",12:11
3,"The Incredible You 10 Week Coaching In Hindi",HINDI,5,4,"Apne sabse khas outcome ko chune (ACTIVITY)",,"",
3,"The Incredible You 10 Week Coaching In Hindi",HINDI,5,5,"Apne sabse khas outcome ko chune (DEBRIEF)",,"",
3,"The Incredible You 10 Week Coaching In Hindi",HINDI,5,6,"Journal activity",,"",
3,"The Incredible You 10 Week Coaching In Hindi",HINDI,6,1,"INCRED OUTCOMES",784109636,"https://vimeo.com/784109636",07:04
3,"The Incredible You 10 Week Coaching In Hindi",HINDI,6,2,"INCRED OUTCOMES BANAYE (ACTIVITY)",784111493,"https://vimeo.com/784111493",01:53
3,"The Incredible You 10 Week Coaching In Hindi",HINDI,6,3,"INCRED OUTCOMES BANAYE (DEBRIEF)",,"",
3,"The Incredible You 10 Week Coaching In Hindi",HINDI,6,4,"CHALLENGES ACTIVITY",,"",
3,"The Incredible You 10 Week Coaching In Hindi",HINDI,6,5,"CHALLENGES DEBRIEF",,"",
3,"The Incredible You 10 Week Coaching In Hindi",HINDI,6,6,"POWER LEAPS (ACTIVITY)",784112089,"https://vimeo.com/784112089",07:27
3,"The Incredible You 10 Week Coaching In Hindi",HINDI,6,7,"POWER LEAPS (DEBRIEF)",784113072,"https://vimeo.com/784113072",01:24
3,"The Incredible You 10 Week Coaching In Hindi",HINDI,7,1,"Satava hafta, unleash you mein aapka swagat hai.",784113183,"https://vimeo.com/784113183",03:46
3,"The Incredible You 10 Week Coaching In Hindi",HINDI,7,2,"Meri pichhli zindagi mein kiye hue faisle (ACTIVITY)",784113851,"https://vimeo.com/784113851",00:51
3,"The Incredible You 10 Week Coaching In Hindi",HINDI,7,3,"Meri pichhli zindagi mein kiye hue faisle (DEBRIEF)",784114026,"https://vimeo.com/784114026",01:55
3,"The Incredible You 10 Week Coaching In Hindi",HINDI,7,4,"DECISION MAKING WHEEL (ACTIVITY)",784114423,"https://vimeo.com/784114423",02:41
3,"The Incredible You 10 Week Coaching In Hindi",HINDI,7,5,"DECISION MAKING WHEEL (DEBRIEF)",,"",
3,"The Incredible You 10 Week Coaching In Hindi",HINDI,7,6,"Ek asali faisla kare (ACTIVITY)",784114927,"https://vimeo.com/784114927",02:28
3,"The Incredible You 10 Week Coaching In Hindi",HINDI,7,7,"Ek asali faisla kare (DEBRIEF)",,"",
3,"The Incredible You 10 Week Coaching In Hindi",HINDI,7,8,"Journal activity",,"",
3,"The Incredible You 10 Week Coaching In Hindi",HINDI,8,2,"BUZZ MOMENTS (ACTIVITY)",784115904,"https://vimeo.com/784115904",04:25
3,"The Incredible You 10 Week Coaching In Hindi",HINDI,8,3,"BUZZ MOMENTS (DEBRIEF)",784116682,"https://vimeo.com/784116682",00:52
3,"The Incredible You 10 Week Coaching In Hindi",HINDI,8,4,"MY MASTERMIND (ACTIVITY)",784116896,"https://vimeo.com/784116896",04:21
3,"The Incredible You 10 Week Coaching In Hindi",HINDI,8,5,"MY MASTERMIND (DEBRIEF)",784117459,"https://vimeo.com/784117459",01:58
3,"The Incredible You 10 Week Coaching In Hindi",HINDI,8,6,"Journal activity",,"",
3,"The Incredible You 10 Week Coaching In Hindi",HINDI,9,1,"Nauve hafte mein aap sabhi ka swagat hai !",784117862,"https://vimeo.com/784117862",00:51
3,"The Incredible You 10 Week Coaching In Hindi",HINDI,9,2,"CRAZY FEARLESS DREAMS & VISION BOARD (ACTIVITY)",784118012,"https://vimeo.com/784118012",01:43
3,"The Incredible You 10 Week Coaching In Hindi",HINDI,9,3,"CRAZY FEARLESS DREAMS & VISION BOARD (DEBRIEF)",784118334,"https://vimeo.com/784118334",01:04
3,"The Incredible You 10 Week Coaching In Hindi",HINDI,9,4,"JOURNAL ACTIVITY",784118636,"https://vimeo.com/784118636",03:43
3,"The Incredible You 10 Week Coaching In Hindi",HINDI,10,1,"Incredible you ke aakhri hafte mein aap sabhi ka swagat hai !",784120135,"https://vimeo.com/784120135",03:19
3,"The Incredible You 10 Week Coaching In Hindi",HINDI,10,2,"SUCCESS BLUEPRINT (ACTIVITY)",742273250,"https://vimeo.com/742273250",06:57
3,"The Incredible You 10 Week Coaching In Hindi",HINDI,10,3,"SUCCESS BLUEPRINT (DEBRIEF)",784120740,"https://vimeo.com/784120740",02:12
3,"The Incredible You 10 Week Coaching In Hindi",HINDI,10,4,"CERTIFICATION",,"",
9,"SMB Money Management System",ENGLISH,1,2,"THE TRUTH",742250953,"https://vimeo.com/742250953",14:39
9,"SMB Money Management System",ENGLISH,2,1,"WHAT DO YOU EARN?",742251142,"https://vimeo.com/742251142",03:30
9,"SMB Money Management System",ENGLISH,3,1,"HOW MUCH DO YOU SPEND? (PART ONE)",742254605,"https://vimeo.com/742254605",01:33
9,"SMB Money Management System",ENGLISH,3,2,"HOW MUCH DO YOU SPEND? (PART TWO)",742573274,"https://vimeo.com/742573274",02:51
9,"SMB Money Management System",ENGLISH,4,1,"YOUR OWN FINANCIAL BLUEPRINT",742254755,"https://vimeo.com/742254755",04:09
14,"The Incredible You Foundation",ENGLISH,1,1,"1. THE JOURNEY BEGINS",742583117,"https://vimeo.com/742583117",07:27
14,"The Incredible You Foundation",ENGLISH,1,2,"2. THE FEARS",742583016,"https://vimeo.com/742583016",14:33
14,"The Incredible You Foundation",ENGLISH,2,1,"1. THE SECRET TO BECOMING TRULY INCREDIBLE",742583211,"https://vimeo.com/742583211",13:29
14,"The Incredible You Foundation",ENGLISH,3,1,"1. QUALITY OF YOUR STATE = QUALITY OF YOUR LIFE",742583358,"https://vimeo.com/742583358",13:59
14,"The Incredible You Foundation",ENGLISH,4,1,"1. POSSIBILITIES",742583441,"https://vimeo.com/742583441",10:36
1,"The Incredible You Mind Hacker Coach Training In Hindi",HINDI,2,5,"LETTING GO AND HOLDING ON (ACTIVITY)",742587656,"https://vimeo.com/742587656",13:53
1,"The Incredible You Mind Hacker Coach Training In Hindi",HINDI,2,6,"LETTING GO AND HOLDING ON (DEBRIEF)",742587297,"https://vimeo.com/742587297",22:14
1,"The Incredible You Mind Hacker Coach Training In Hindi",HINDI,2,7,"CODING (ACTIVITY AND DEBRIEF)",742586689,"https://vimeo.com/742586689",20:52
6,"The Incredible You Mind Hacker Coach Training",ENGLISH,1,2,"THE WELCOME SESSION DEBRIEF & THE INNER DNA TEST DEBRIEF",742213518,"https://vimeo.com/742213518",16:51
6,"The Incredible You Mind Hacker Coach Training",ENGLISH,1,3,"THE WHEEL OF LIFE",,"",
6,"The Incredible You Mind Hacker Coach Training",ENGLISH,1,4,"WHEEL OF LIFE DEBRIEF",742213653,"https://vimeo.com/742213653",29:08
6,"The Incredible You Mind Hacker Coach Training",ENGLISH,1,6,"THE SPEECH",,"",
6,"The Incredible You Mind Hacker Coach Training",ENGLISH,1,7,"THE SPEECH DEBRIEF",742213817,"https://vimeo.com/742213817",13:00
6,"The Incredible You Mind Hacker Coach Training",ENGLISH,1,8,"DISCOVER YOUR BASELINES",,"",
6,"The Incredible You Mind Hacker Coach Training",ENGLISH,1,9,"DISCOVER YOUR BASELINES DEBRIEF",742213932,"https://vimeo.com/742213932",30:17
6,"The Incredible You Mind Hacker Coach Training",ENGLISH,1,10,"BASELINES EXPRESSION",742214131,"https://vimeo.com/742214131",39:35
6,"The Incredible You Mind Hacker Coach Training",ENGLISH,1,11,"BASELINES EXPRESSION DEBRIEF",742214448,"https://vimeo.com/742214448",24:30
6,"The Incredible You Mind Hacker Coach Training",ENGLISH,1,12,"BASELINES NON-EXPRESSION ACTIVITY",742214697,"https://vimeo.com/742214697",22:05
6,"The Incredible You Mind Hacker Coach Training",ENGLISH,1,14,"THE CHANGE",742214926,"https://vimeo.com/742214926",20:18
6,"The Incredible You Mind Hacker Coach Training",ENGLISH,2,1,"INTRODUCTION TO INTEGRATED POWER CODING",742220280,"https://vimeo.com/742220280",02:57
6,"The Incredible You Mind Hacker Coach Training",ENGLISH,2,2,"THE N - CODES AND THE E - CODES",742220146,"https://vimeo.com/742220146",18:44
6,"The Incredible You Mind Hacker Coach Training",ENGLISH,2,3,"LETTING GO AND HOLDING ON",742219926,"https://vimeo.com/742219926",23:58
6,"The Incredible You Mind Hacker Coach Training",ENGLISH,2,4,"LETTING GO AND HOLDING ON DEBRIEF (PART 1)",742226242,"https://vimeo.com/742226242",24:32
6,"The Incredible You Mind Hacker Coach Training",ENGLISH,2,5,"LETTING GO AND HOLDING ON DEBRIEF (PART 2)",742226449,"https://vimeo.com/742226449",45:55
6,"The Incredible You Mind Hacker Coach Training",ENGLISH,2,6,"LETTING GO AND HOLDING ON (LET'S SUM IT UP)",742226706,"https://vimeo.com/742226706",14:52
6,"The Incredible You Mind Hacker Coach Training",ENGLISH,2,7,"THE CODING",742226827,"https://vimeo.com/742226827",05:17
6,"The Incredible You Mind Hacker Coach Training",ENGLISH,2,8,"THE CODING DEBRIEF",742226913,"https://vimeo.com/742226913",33:36
6,"The Incredible You Mind Hacker Coach Training",ENGLISH,2,9,"Your new E-codes",742227453,"https://vimeo.com/742227453",12:20
6,"The Incredible You Mind Hacker Coach Training",ENGLISH,2,10,"YOUR E - CODES DEBRIEF",742227098,"https://vimeo.com/742227098",12:49
6,"The Incredible You Mind Hacker Coach Training",ENGLISH,2,11,"THE STORIES",742227205,"https://vimeo.com/742227205",02:40
6,"The Incredible You Mind Hacker Coach Training",ENGLISH,2,12,"THE STORIES DEBRIEF",742227273,"https://vimeo.com/742227273",22:38
6,"The Incredible You Mind Hacker Coach Training",ENGLISH,3,1,"OUTCOMES",742228218,"https://vimeo.com/742228218",27:27
6,"The Incredible You Mind Hacker Coach Training",ENGLISH,3,2,"MY OUTCOMES",742228618,"https://vimeo.com/742228618",21:55
6,"The Incredible You Mind Hacker Coach Training",ENGLISH,3,3,"DEFINE MY OUTCOME",,"",
6,"The Incredible You Mind Hacker Coach Training",ENGLISH,3,4,"INCRED OUTCOMES",742227964,"https://vimeo.com/742227964",14:55
6,"The Incredible You Mind Hacker Coach Training",ENGLISH,3,5,"INCRED PROCESS DEBRIEF",742227583,"https://vimeo.com/742227583",22:21
6,"The Incredible You Mind Hacker Coach Training",ENGLISH,3,6,"CHALLENGES, POWER LEAPS",742228974,"https://vimeo.com/742228974",56:06
6,"The Incredible You Mind Hacker Coach Training",ENGLISH,4,1,"INTRODUCTION TO DECISION MAKING",742230535,"https://vimeo.com/742230535",08:14
6,"The Incredible You Mind Hacker Coach Training",ENGLISH,4,2,"UNLEASH YOU",742230258,"https://vimeo.com/742230258",16:24
6,"The Incredible You Mind Hacker Coach Training",ENGLISH,4,3,"MY PAST DECISIONS DEBRIEF & DECISION MAKING WHEEL",742230088,"https://vimeo.com/742230088",08:00
6,"The Incredible You Mind Hacker Coach Training",ENGLISH,4,4,"MAKE THE REAL DECISION",742230701,"https://vimeo.com/742230701",21:06
6,"The Incredible You Mind Hacker Coach Training",ENGLISH,4,5,"THE BUZZ MOMENTS",742231611,"https://vimeo.com/742231611",36:04
6,"The Incredible You Mind Hacker Coach Training",ENGLISH,4,6,"THE MASTERMIND CIRCLE",742230883,"https://vimeo.com/742230883",49:19
6,"The Incredible You Mind Hacker Coach Training",ENGLISH,4,7,"THE SUMMARY",742573605,"https://vimeo.com/742573605",14:28
6,"The Incredible You Mind Hacker Coach Training",ENGLISH,5,1,"THE SUCCESS BLUEPRINT",742232746,"https://vimeo.com/742232746",11:19
6,"The Incredible You Mind Hacker Coach Training",ENGLISH,5,2,"CRAZY DREAMS",742232166,"https://vimeo.com/742232166",04:51
6,"The Incredible You Mind Hacker Coach Training",ENGLISH,5,3,"THE VISION BOARD",742232512,"https://vimeo.com/742232512",10:36
6,"The Incredible You Mind Hacker Coach Training",ENGLISH,5,4,"THE VISION BOARD DEBRIEF",742232614,"https://vimeo.com/742232614",17:37
6,"The Incredible You Mind Hacker Coach Training",ENGLISH,5,5,"CRAFTING YOUR SUCCESS BLUEPRINT",742232432,"https://vimeo.com/742232432",06:29
6,"The Incredible You Mind Hacker Coach Training",ENGLISH,5,6,"THE BEGINNING OF THE JOURNEY",742232244,"https://vimeo.com/742232244",21:18
7,"Coach to a Fortune Foundation X",ENGLISH,0,1,"INNER DNA TEST",,"",
7,"Coach to a Fortune Foundation X",ENGLISH,0,2,"LET THE JOURNEY BEGIN",742682582,"https://vimeo.com/742682582",17:18
7,"Coach to a Fortune Foundation X",ENGLISH,0,3,"WHEN DOES MY TRAINING BEGIN?",,"",NULL
7,"Coach to a Fortune Foundation X",ENGLISH,1,1,"THE DEFINING SITUATIONS",,"",NULL
7,"Coach to a Fortune Foundation X",ENGLISH,1,3,"THE POWERFUL COACH CODES",,"",NULL
7,"Coach to a Fortune Foundation X",ENGLISH,1,2,"THE REFRAMING",,"",NULL
7,"Coach to a Fortune Foundation X",ENGLISH,1,4,"THE TRUTH",,"",NULL
7,"Coach to a Fortune Foundation X",ENGLISH,2,1,"CRAFTING YOUR VISION AND MISSION",,"",NULL
7,"Coach to a Fortune Foundation X",ENGLISH,3,1,"THE NICHE ACTIVITY",,"",NULL
7,"Coach to a Fortune Foundation X",ENGLISH,4,1,"BUILD YOUR STORY",,"",NULL
4,"The Incredible You Foundation Hindi",HINDI,0,1,"Aap kaun hai? - personality assessment",,"",
4,"The Incredible You Foundation Hindi",HINDI,1,1,"Naye safar ki shuruaat",743354446,"https://vimeo.com/743354446",06:30
4,"The Incredible You Foundation Hindi",HINDI,1,2,"Zindagi ka maksad",743354276,"https://vimeo.com/743354276",29:39
4,"The Incredible You Foundation Hindi",HINDI,2,1,"Aapke aur aapke maksad ke bich ki rukawat",743354385,"https://vimeo.com/743354385",21:43
4,"The Incredible You Foundation Hindi",HINDI,2,2,"Aapki mushkil ka aapki zindagi par asar",743354200,"https://vimeo.com/743354200",17:48
4,"The Incredible You Foundation Hindi",HINDI,3,1,"Khushiyo se bhari zindagi",743354046,"https://vimeo.com/743354046",43:51
4,"The Incredible You Foundation Hindi",HINDI,3,2,"Ek kadam, incredible insaan banne ki taraf",,"",
5,"Speak To A Fortune Mastermind Edition",ENGLISH,0,1,"INNER DNA TEST",,"",
5,"Speak To A Fortune Mastermind Edition",ENGLISH,1,1,"WHAT ARE POWERLEAPS AND HOW TO GENERATE 12 WEEKS MASTERMIND STRUCTURE?",742263102,"https://vimeo.com/742263102",15:26
5,"Speak To A Fortune Mastermind Edition",ENGLISH,1,2,"SELECT YOUR NICHE",,"",NULL
5,"Speak To A Fortune Mastermind Edition",ENGLISH,1,3,"SELECT YOUR NICHE MASTERMIND",,"",NULL
5,"Speak To A Fortune Mastermind Edition",ENGLISH,1,4,"YOUR MASTERMIND OVERVIEW",,"",NULL
5,"Speak To A Fortune Mastermind Edition",ENGLISH,1,5,"YOUR 12 WEEK MASTERMINDS CRAFTED!",,"",NULL
5,"Speak To A Fortune Mastermind Edition",ENGLISH,2,1,"INTRODUCTION AND ROADBLOCKS",742263752,"https://vimeo.com/742263752",20:12
5,"Speak To A Fortune Mastermind Edition",ENGLISH,2,2,"DEMO OF INTRODUCTION & ROADBLOCKS",742263659,"https://vimeo.com/742263659",20:18
5,"Speak To A Fortune Mastermind Edition",ENGLISH,3,1,"THE BRAINX SESSION",742263599,"https://vimeo.com/742263599",09:31
5,"Speak To A Fortune Mastermind Edition",ENGLISH,3,2,"DEMO OF BRAIN X - ACTION & ACCOUNTABILITY",742263522,"https://vimeo.com/742263522",18:31
5,"Speak To A Fortune Mastermind Edition",ENGLISH,3,3,"WHAT IS HOT SEAT? HOW TO LEARN NEW THINGS FROM EXTERNAL GUESTS?",742263467,"https://vimeo.com/742263467",10:54
5,"Speak To A Fortune Mastermind Edition",ENGLISH,4,1,"HOW TO SET THE PRICING OF YOUR MASTERMIND?",742263389,"https://vimeo.com/742263389",25:22
5,"Speak To A Fortune Mastermind Edition",ENGLISH,4,2,"TAKE YOUR JOURNEY TO THE NEXT LEVEL",742263298,"https://vimeo.com/742263298",11:16
5,"Speak To A Fortune Mastermind Edition",ENGLISH,5,1,"HOW TO MARKET YOUR MASTERMIND?",742263210,"https://vimeo.com/742263210",12:06
1,"The Incredible You Mind Hacker Coach Training In Hindi",HINDI,5,3,"CRAZY DREAMS (ACTIVITY)",742592916,"https://vimeo.com/742592916",05:20
3,"The Incredible You 10 Week Coaching In Hindi",HINDI,1,8,"THE SPEECH ( DEBRIEF )",783963629,"https://vimeo.com/783963629",06:31
3,"The Incredible You 10 Week Coaching In Hindi",HINDI,5,3,"Kaunse outcome ko ahmiyat de?(DEBRIEF)",784108285,"https://vimeo.com/784108285",04:41
20,"The Incredible You 10 Week Coaching In Hindi Demo",HINDI,1,1,"10-saptah ki yatra mein aapka swagat hai.",742273154,"https://vimeo.com/742273154",7:52
20,"The Incredible You 10 Week Coaching In Hindi Demo",HINDI,1,2,"INNER DNA TEST",,"",
20,"The Incredible You 10 Week Coaching In Hindi Demo",HINDI,1,4,"WHEEL OF LIFE ( ACTIVITY )",,"",
20,"The Incredible You 10 Week Coaching In Hindi Demo",HINDI,1,3,"WHO ARE YOU ( DEBRIEF )",742275914,"https://vimeo.com/742275914",12:17
20,"The Incredible You 10 Week Coaching In Hindi Demo",HINDI,1,5,"WHEEL OF LIFE ( DEBRIEF )",742276142,"https://vimeo.com/742276142",8:32
20,"The Incredible You 10 Week Coaching In Hindi Demo",HINDI,1,6,"YOUR INNER DNA",742276041,"https://vimeo.com/742276041",12:43
20,"The Incredible You 10 Week Coaching In Hindi Demo",HINDI,1,7,"THE SPEECH ( ACTIVITY )",742276252,"https://vimeo.com/742276252",5:45
20,"The Incredible You 10 Week Coaching In Hindi Demo",HINDI,8,1,"Aathave hafte mein aapka swagat!",,"",
20,"The Incredible You 10 Week Coaching In Hindi Demo",HINDI,1,9,"DISCOVER YOUR INNER DNA ( ACTIVITY )",,"",
20,"The Incredible You 10 Week Coaching In Hindi Demo",HINDI,2,1,"Incredible you program ke dusre hafte mein aap sabka swagat hai !",742275686,"https://vimeo.com/742275686",7:52
20,"The Incredible You 10 Week Coaching In Hindi Demo",HINDI,2,2,"BASELINES EXPRESSION ACTIVITY",,"",
20,"The Incredible You 10 Week Coaching In Hindi Demo",HINDI,2,3,"BASELINES NON - EXPRESSION ACTIVITY",742275860,"https://vimeo.com/742275860",1:37
20,"The Incredible You 10 Week Coaching In Hindi Demo",HINDI,2,4,"BASELINES EXPRESSION AND NON - EXPRESSION DEBRIEF",742275776,"https://vimeo.com/742275776",4:10
20,"The Incredible You 10 Week Coaching In Hindi Demo",HINDI,2,5,"THE CHANGE ACTIVITY",,"",
20,"The Incredible You 10 Week Coaching In Hindi Demo",HINDI,2,6,"THE CHANGE DEBRIEF AND JOURNAL EXERCISE",742275614,"https://vimeo.com/742275614",5:10
20,"The Incredible You 10 Week Coaching In Hindi Demo",HINDI,3,1,"Teesare hafte mein aapka swagat hai!",742275542,"https://vimeo.com/742275542",8:03
20,"The Incredible You 10 Week Coaching In Hindi Demo",HINDI,3,3,"LETTING GO HOLDING ON ACTIVITY",,"",
20,"The Incredible You 10 Week Coaching In Hindi Demo",HINDI,3,4,"LETTING GO HOLDING ON DEBRIEF",742275305,"https://vimeo.com/742275305",11:19
20,"The Incredible You 10 Week Coaching In Hindi Demo",HINDI,4,1,"Aapka CODING (TOOL)",742275205,"https://vimeo.com/742275205",5:48
20,"The Incredible You 10 Week Coaching In Hindi Demo",HINDI,4,2,"CODING DEBRIEF",742275139,"https://vimeo.com/742275139",2:20
20,"The Incredible You 10 Week Coaching In Hindi Demo",HINDI,4,3,"Aapki kahani (ACTIVITY)",742275044,"https://vimeo.com/742275044",7:38
20,"The Incredible You 10 Week Coaching In Hindi Demo",HINDI,4,4,"Aapki kahani (DEBRIEF)",,"",
20,"The Incredible You 10 Week Coaching In Hindi Demo",HINDI,5,1,"Aapka outcomes plus par swagat hai !",742274924,"https://vimeo.com/742274924",7:57
20,"The Incredible You 10 Week Coaching In Hindi Demo",HINDI,5,2,"Kaunse outcome ko ahmiyat de? (ACTIVITY)",,"",
20,"The Incredible You 10 Week Coaching In Hindi Demo",HINDI,3,2,"DEFINING MOMENTS",742275427,"https://vimeo.com/742275427",9:56
20,"The Incredible You 10 Week Coaching In Hindi Demo",HINDI,5,4,"Apne sabse khas outcome ko chune (ACTIVITY)",,"",
20,"The Incredible You 10 Week Coaching In Hindi Demo",HINDI,5,5,"Apne sabse khas outcome ko chune (DEBRIEF)",,"",
20,"The Incredible You 10 Week Coaching In Hindi Demo",HINDI,5,6,"Journal activity",,"",
20,"The Incredible You 10 Week Coaching In Hindi Demo",HINDI,6,1,"INCRED OUTCOMES",742274579,"https://vimeo.com/742274579",19:06
20,"The Incredible You 10 Week Coaching In Hindi Demo",HINDI,6,2,"INCRED OUTCOMES BANAYE (ACTIVITY)",742274759,"https://vimeo.com/742274759",03:36
20,"The Incredible You 10 Week Coaching In Hindi Demo",HINDI,6,3,"INCRED OUTCOMES BANAYE (DEBRIEF)",,"",
20,"The Incredible You 10 Week Coaching In Hindi Demo",HINDI,6,4,"CHALLENGES ACTIVITY",,"",
20,"The Incredible You 10 Week Coaching In Hindi Demo",HINDI,6,5,"CHALLENGES DEBRIEF",,"",
20,"The Incredible You 10 Week Coaching In Hindi Demo",HINDI,6,6,"POWER LEAPS (ACTIVITY)",742274458,"https://vimeo.com/742274458",09:12
20,"The Incredible You 10 Week Coaching In Hindi Demo",HINDI,6,7,"POWER LEAPS (DEBRIEF)",742274391,"https://vimeo.com/742274391",01:59
20,"The Incredible You 10 Week Coaching In Hindi Demo",HINDI,7,1,"Satava hafta, unleash you mein aapka swagat hai",742274318,"https://vimeo.com/742274318",03:50
20,"The Incredible You 10 Week Coaching In Hindi Demo",HINDI,7,2,"Meri pichhli zindagi mein kiye hue faisle (ACTIVITY)",742274241,"https://vimeo.com/742274241",01:23
20,"The Incredible You 10 Week Coaching In Hindi Demo",HINDI,7,3,"Meri pichhli zindagi mein kiye hue faisle (DEBRIEF)",742274199,"https://vimeo.com/742274199",02:16
20,"The Incredible You 10 Week Coaching In Hindi Demo",HINDI,7,4,"DECISION MAKING WHEEL (ACTIVITY)",742274094,"https://vimeo.com/742274094",07:17
20,"The Incredible You 10 Week Coaching In Hindi Demo",HINDI,7,5,"DECISION MAKING WHEEL (DEBRIEF)",,"",
20,"The Incredible You 10 Week Coaching In Hindi Demo",HINDI,7,6,"Ek asali faisla kare (ACTIVITY)",742273996,"https://vimeo.com/742273996",06:02
20,"The Incredible You 10 Week Coaching In Hindi Demo",HINDI,7,7,"Ek asali faisla kare (DEBRIEF)",,"",
20,"The Incredible You 10 Week Coaching In Hindi Demo",HINDI,7,8,"Journal activity",,"",
20,"The Incredible You 10 Week Coaching In Hindi Demo",HINDI,8,2,"BUZZ MOMENTS (ACTIVITY)",742273868,"https://vimeo.com/742273868",06:19
20,"The Incredible You 10 Week Coaching In Hindi Demo",HINDI,8,3,"BUZZ MOMENTS (DEBRIEF)",742273782,"https://vimeo.com/742273782",05:20
20,"The Incredible You 10 Week Coaching In Hindi Demo",HINDI,8,4,"MY MASTERMIND (ACTIVITY)",742273568,"https://vimeo.com/742273568",09:14
20,"The Incredible You 10 Week Coaching In Hindi Demo",HINDI,8,5,"MY MASTERMIND (DEBRIEF)",742273688,"https://vimeo.com/742273688",02:08
20,"The Incredible You 10 Week Coaching In Hindi Demo",HINDI,8,6,"Journal activity",,"",
20,"The Incredible You 10 Week Coaching In Hindi Demo",HINDI,9,1,"Nauve hafte mein aap sabhi ka swagat hai !",,"",
20,"The Incredible You 10 Week Coaching In Hindi Demo",HINDI,9,2,"CRAZY FEARLESS DREAMS & VISION BOARD (ACTIVITY)",742273361,"https://vimeo.com/742273361",12:21
20,"The Incredible You 10 Week Coaching In Hindi Demo",HINDI,9,3,"CRAZY FEARLESS DREAMS & VISION BOARD (DEBRIEF)",742273505,"https://vimeo.com/742273505",02:05
20,"The Incredible You 10 Week Coaching In Hindi Demo",HINDI,9,4,"JOURNAL ACTIVITY",,"",
20,"The Incredible You 10 Week Coaching In Hindi Demo",HINDI,10,1,"Incredible you ke aakhri hafte mein aap sabhi ka swagat hai !",,"",
20,"The Incredible You 10 Week Coaching In Hindi Demo",HINDI,10,2,"SUCCESS BLUEPRINT (ACTIVITY)",742273250,"https://vimeo.com/742273250",06:57
20,"The Incredible You 10 Week Coaching In Hindi Demo",HINDI,10,3,"SUCCESS BLUEPRINT (DEBRIEF)",,"",
20,"The Incredible You 10 Week Coaching In Hindi Demo",HINDI,10,4,"CERTIFICATION",,"",
20,"The Incredible You 10 Week Coaching In Hindi Demo",HINDI,1,8,"THE SPEECH ( DEBRIEF )",742273083,"https://vimeo.com/742273083",1:42
20,"The Incredible You 10 Week Coaching In Hindi Demo",HINDI,5,3,"Kaunse outcome ko ahmiyat de?(DEBRIEF)",742274815,"https://vimeo.com/742274815",5:10
5,"Speak To A Fortune Mastermind Edition",ENGLISH,6,1,"CERTIFICATE",,"",
5,"Speak To A Fortune Mastermind Edition",ENGLISH,7,1,"DISCOVERY SESSION",743074102,"https://vimeo.com/743074102",42:06
6,"The Incredible You Mind Hacker Coach Training",ENGLISH,6,4,"CERTIFICATE",,"",
6,"The Incredible You Mind Hacker Coach Training",ENGLISH,6,1,"HOW TO COMPLETE THE CERTIFICATION",742667716,"https://vimeo.com/742667716",02:32
11,"The Incredible You 10 week coaching",ENGLISH,1,6,"WHEEL OF LIFE (DEBRIEF)",742194543,"https://vimeo.com/742194543",03:01
21,"The Incredible You 10 week coaching Demo",ENGLISH,1,1,"WELCOME TO THE 10-WEEK JOURNEY",742194439,"https://vimeo.com/742194439",NULL
21,"The Incredible You 10 week coaching Demo",ENGLISH,1,2,"INTRODUCTION",,"",NULL
21,"The Incredible You 10 week coaching Demo",ENGLISH,1,3,"WHO ARE YOU",,"",NULL
21,"The Incredible You 10 week coaching Demo",ENGLISH,1,4,"WHO ARE YOU (DEBRIEF)",742194482,"https://vimeo.com/742194482",NULL
21,"The Incredible You 10 week coaching Demo",ENGLISH,1,5,"WHEEL OF LIFE",,"",NULL
21,"The Incredible You 10 week coaching Demo",ENGLISH,1,7,"NEW TOPIC BEGINS",,"",NULL
21,"The Incredible You 10 week coaching Demo",ENGLISH,1,8,"THE INNER DNA (INTRODUCTION TO THE NEW TOPIC)",742194592,"https://vimeo.com/742194592",NULL
21,"The Incredible You 10 week coaching Demo",ENGLISH,1,9,"THE SPEECH (ACTIVITY)",742194681,"https://vimeo.com/742194681",NULL
21,"The Incredible You 10 week coaching Demo",ENGLISH,1,10,"THE SPEECH (DEBRIEF)",742194750,"https://vimeo.com/742194750",NULL
21,"The Incredible You 10 week coaching Demo",ENGLISH,1,11,"DISCOVER YOUR INNER DNA",,"",NULL
21,"The Incredible You 10 week coaching Demo",ENGLISH,2,1,"WELCOME TO WEEK 2!",742194799,"https://vimeo.com/742194799",NULL
21,"The Incredible You 10 week coaching Demo",ENGLISH,2,2,"BASELINES EXPRESSION ACTIVITY",,"",NULL
21,"The Incredible You 10 week coaching Demo",ENGLISH,2,3,"BASELINES EXPRESSION ACTIVITY DEBRIEF",742194855,"https://vimeo.com/742194855",NULL
21,"The Incredible You 10 week coaching Demo",ENGLISH,2,4,"BASELINES NON EXPRESSION ACTIVITY",,"",NULL
21,"The Incredible You 10 week coaching Demo",ENGLISH,2,5,"BASELINES NON EXPRESSION ACTIVITY DEBRIEF",742194906,"https://vimeo.com/742194906",NULL
21,"The Incredible You 10 week coaching Demo",ENGLISH,2,6,"THE CHANGE ACTIVITY",,"",NULL
21,"The Incredible You 10 week coaching Demo",ENGLISH,2,7,"THE CHANGE DEBRIEF",742194975,"https://vimeo.com/742194975",NULL
21,"The Incredible You 10 week coaching Demo",ENGLISH,2,8,"JOURNAL EXERCISE AND CONCLUSION",,"",NULL
21,"The Incredible You 10 week coaching Demo",ENGLISH,3,1,"WELCOME TO WEEK 3, THE INTEGRATED POWER CODING!",742195045,"https://vimeo.com/742195045",NULL
21,"The Incredible You 10 week coaching Demo",ENGLISH,3,2,"THE DEFINING MOMENTS (ACTIVITY)",742195114,"https://vimeo.com/742195114",NULL
21,"The Incredible You 10 week coaching Demo",ENGLISH,3,3,"THE DEFINING MOMENTS (DEBRIEF)",742195184,"https://vimeo.com/742195184",NULL
21,"The Incredible You 10 week coaching Demo",ENGLISH,3,4,"THE JOURNAL EXERCISE",,"",NULL
21,"The Incredible You 10 week coaching Demo",ENGLISH,4,1,"THE CODING",742195256,"https://vimeo.com/742195256",NULL
21,"The Incredible You 10 week coaching Demo",ENGLISH,4,2,"THE CODING (DEBRIEF)",,"",NULL
21,"The Incredible You 10 week coaching Demo",ENGLISH,4,3,"VISION",742195328,"https://vimeo.com/742195328",NULL
21,"The Incredible You 10 week coaching Demo",ENGLISH,4,4,"VISION (ACTIVITY)",,"",NULL
21,"The Incredible You 10 week coaching Demo",ENGLISH,4,5,"VISION (DEBRIEF)",,"",NULL
21,"The Incredible You 10 week coaching Demo",ENGLISH,4,6,"JOURNAL EXERCISE",,"",NULL
21,"The Incredible You 10 week coaching Demo",ENGLISH,5,1,"WELCOME TO WEEK 5, THE OUTCOMES PLUS!",742207800,"https://vimeo.com/742207800",NULL
21,"The Incredible You 10 week coaching Demo",ENGLISH,5,2,"WHAT DO I NEED TO FOCUS ON? (ACTIVITY)",,"",NULL
21,"The Incredible You 10 week coaching Demo",ENGLISH,5,3,"WHAT DO I NEED TO FOCUS ON? (DEBRIEF)",,"",NULL
21,"The Incredible You 10 week coaching Demo",ENGLISH,5,4,"DEFINE THE OUTCOME",,"",NULL
21,"The Incredible You 10 week coaching Demo",ENGLISH,5,5,"DEFINE THE OUTCOME (DEBRIEF)",742207748,"https://vimeo.com/742207748",NULL
21,"The Incredible You 10 week coaching Demo",ENGLISH,5,6,"JOURNAL EXERCISE",,"",NULL
21,"The Incredible You 10 week coaching Demo",ENGLISH,6,1,"WELCOME TO WEEK 6, THE OUTCOMES PLUS LEVEL 2!",742208747,"https://vimeo.com/742208747",NULL
21,"The Incredible You 10 week coaching Demo",ENGLISH,6,3,"CRAFTING INCRED OUTCOME (ACTIVITY)",,"",NULL
21,"The Incredible You 10 week coaching Demo",ENGLISH,6,2,"THE INCRED PROCESS",742208747,"https://vimeo.com/742208747",NULL
21,"The Incredible You 10 week coaching Demo",ENGLISH,6,4,"CRAFTING INCRED OUTCOME (DEBRIEF)",,"",NULL
21,"The Incredible You 10 week coaching Demo",ENGLISH,6,5,"CHALLENGES (ACTIVITY)",,"",NULL
21,"The Incredible You 10 week coaching Demo",ENGLISH,6,6,"CHALLENGES (DEBRIEF)",742208861,"https://vimeo.com/742208861",NULL
21,"The Incredible You 10 week coaching Demo",ENGLISH,6,7,"POWER LEAPS",742208915,"https://vimeo.com/742208915",NULL
21,"The Incredible You 10 week coaching Demo",ENGLISH,6,8,"POWER LEAPS (ACTIVITY)",,"",NULL
21,"The Incredible You 10 week coaching Demo",ENGLISH,6,9,"POWER LEAPS (DEBRIEF)",742208997,"https://vimeo.com/742208997",NULL
21,"The Incredible You 10 week coaching Demo",ENGLISH,6,10,"JOURNAL EXERCISE",,"",NULL
21,"The Incredible You 10 week coaching Demo",ENGLISH,7,1,"WELCOME TO WEEK 7, UNLEASH YOU!",,"",NULL
21,"The Incredible You 10 week coaching Demo",ENGLISH,7,2,"MY PAST DECISIONS (ACTIVITY)",742600302,"https://vimeo.com/742600302",NULL
21,"The Incredible You 10 week coaching Demo",ENGLISH,7,3,"MY PAST DECISIONS (DEBRIEF)",,"",NULL
21,"The Incredible You 10 week coaching Demo",ENGLISH,7,4,"THE DECISION-MAKING WHEEL",,"",NULL
21,"The Incredible You 10 week coaching Demo",ENGLISH,7,5,"THE DECISION-MAKING WHEEL (DEBRIEF)",,"",NULL
21,"The Incredible You 10 week coaching Demo",ENGLISH,7,6,"LET'S MAKE A DECISION",,"",NULL
21,"The Incredible You 10 week coaching Demo",ENGLISH,7,7,"LET'S MAKE A DECISION (DEBRIEF)",742600374,"https://vimeo.com/742600374",NULL
21,"The Incredible You 10 week coaching Demo",ENGLISH,7,8,"JOURNAL EXERCISE",,"",NULL
21,"The Incredible You 10 week coaching Demo",ENGLISH,8,1,"WELCOME TO WEEK 8, UNLEASH YOU CONTINUES!",,"",NULL
21,"The Incredible You 10 week coaching Demo",ENGLISH,8,2,"BUZZ MOMENTS (ACTIVITY)",742600443,"https://vimeo.com/742600443",NULL
21,"The Incredible You 10 week coaching Demo",ENGLISH,8,3,"BUZZ MOMENTS (DEBRIEF)",742613615,"https://vimeo.com/742613615",NULL
21,"The Incredible You 10 week coaching Demo",ENGLISH,8,4,"MY MASTERMIND CIRCLE (ACTIVITY)",742599970,"https://vimeo.com/742599970",NULL
21,"The Incredible You 10 week coaching Demo",ENGLISH,8,5,"MY MASTERMIND CIRCLE (DEBRIEF)",742600026,"https://vimeo.com/742600026",NULL
21,"The Incredible You 10 week coaching Demo",ENGLISH,8,6,"JOURNAL EXERCISE",,"",NULL
21,"The Incredible You 10 week coaching Demo",ENGLISH,9,1,"WELCOME TO WEEK 9, THE SUCCESS BLUEPRINT!",,"",NULL
21,"The Incredible You 10 week coaching Demo",ENGLISH,9,2,"CRAZY FEARLESS DREAMS (ACTIVITY)",742600078,"https://vimeo.com/742600078",NULL
21,"The Incredible You 10 week coaching Demo",ENGLISH,9,3,"CRAZY FEARLESS DREAMS (DEBRIEF)",742600158,"https://vimeo.com/742600158",NULL
21,"The Incredible You 10 week coaching Demo",ENGLISH,9,4,"JOURNAL EXERCISE",,"",NULL
21,"The Incredible You 10 week coaching Demo",ENGLISH,10,1,"WELCOME TO WEEK 10, THE SUCCESS BLUEPRINT, THE FINAL BLUEPRINT",742600212,"https://vimeo.com/742600212",NULL
21,"The Incredible You 10 week coaching Demo",ENGLISH,1,6,"WHEEL OF LIFE (DEBRIEF)",742194543,"https://vimeo.com/742194543",NULL
21,"The Incredible You 10 week coaching Demo",ENGLISH,11,1,"Certification",,"",NULL
4,"The Incredible You Foundation Hindi",HINDI,4,1,"Certification",,"",NULL
7,"Coach to a Fortune Foundation X",ENGLISH,5,1,"Certification",,"",NULL
21,"The Incredible You 10 week coaching Demo",ENGLISH,11,1,"Certification",,"",NULL
14,"The Incredible You Foundation",ENGLISH,5,1,"Certification",,"",
1,"The Incredible You Mind Hacker Coach Training In Hindi",HINDI,6,1,"Client Registration link demo",,"",
1,"The Incredible You Mind Hacker Coach Training In Hindi",HINDI,6,4,"Certificate",,"",
12,"Speak To a Fortune 2.0 foundation",ENGLISH,0,1,"INNER DNA TEST",,"",
12,"Speak To a Fortune 2.0 foundation",ENGLISH,0,2,"WHEN DOES MY TRAINING BEGIN?",,"",NULL
13,"The Incredible 6 Figure Author System",ENGLISH,10,1,"Certification",,"",NULL
12,"Speak To a Fortune 2.0 foundation",ENGLISH,5,1,"Certification",,"",NULL
9,"SMB Money Management System",ENGLISH,1,1,"INNER DNA TEST",,"",
13,"The Incredible 6 Figure Author System",ENGLISH,9,1,"BOOK INFORMATION",,"",NULL
13,"The Incredible 6 Figure Author System",ENGLISH,9,2,"FEEDBACK SUBMITTED",,"",NULL
13,"The Incredible 6 Figure Author System",ENGLISH,9,3,"BOOK COVER SUBMITTED",,"",NULL
13,"The Incredible 6 Figure Author System",ENGLISH,9,4,"BOOK PRICING",,"",NULL
13,"The Incredible 6 Figure Author System",ENGLISH,9,5,"BOOK FINAL",,"",NULL
13,"The Incredible 6 Figure Author System",ENGLISH,9,6,"TESTIMONIALS",,"",NULL
1,"The Incredible You Mind Hacker Coach Training In Hindi",HINDI,6,3,"The Incredible You program registration link",,"",
6,"The Incredible You Mind Hacker Coach Training",ENGLISH,6,2,"MCQ Test",,"",
6,"The Incredible You Mind Hacker Coach Training",ENGLISH,6,3,"Certification Videos",,"",
6,"The Incredible You Mind Hacker Coach Training",ENGLISH,1,5,"INNER DNA",,"",
6,"The Incredible You Mind Hacker Coach Training",ENGLISH,1,13,"BASELINES NON-EXPRESSION DEBRIEF",,"",
6,"The Incredible You Mind Hacker Coach Training",ENGLISH,1,15,"THE CHANGE DEBRIEF",,"",
11,"The Incredible You 10 week coaching",ENGLISH,10,2,"CERTIFICATION",,"",
0,"",,0,1,"WHAT COACHING REALLY IS?",742211064,"https://vimeo.com/742211064",06:13
0,"",,0,2,"WHAT IS YOUR VISION AND MISSION?",742210982,"https://vimeo.com/742210982",09:12
0,"",,0,3,"THE POWER OF IMAGINATION",742211132,"https://vimeo.com/742211132",12:45
31,"The Incredible You Coach Training Level 1 Program",ENGLISH,0,2,"INNER DNA TEST",,"",
31,"The Incredible You Coach Training Level 1 Program",ENGLISH,0,1,"THE WELCOME SESSION",742213307,"https://vimeo.com/742213307",16:19
31,"The Incredible You Coach Training Level 1 Program",ENGLISH,0,3,"THE WELCOME SESSION DEBRIEF & THE INNER DNA TEST DEBRIEF",742213518,"https://vimeo.com/742213518",16:51
31,"The Incredible You Coach Training Level 1 Program",ENGLISH,0,4,"THE WHEEL OF LIFE",,"",
31,"The Incredible You Coach Training Level 1 Program",ENGLISH,0,5,"WHEEL OF LIFE DEBRIEF",742213653,"https://vimeo.com/742213653",29:08
31,"The Incredible You Coach Training Level 1 Program",ENGLISH,0,6,"THE SPEECH",,"",
31,"The Incredible You Coach Training Level 1 Program",ENGLISH,0,7,"THE SPEECH DEBRIEF",742213817,"https://vimeo.com/742213817",13:00
31,"The Incredible You Coach Training Level 1 Program",ENGLISH,0,8,"DISCOVER YOUR BASELINES",,"",
31,"The Incredible You Coach Training Level 1 Program",ENGLISH,1,1,"DISCOVER YOUR BASELINES DEBRIEF",742213932,"https://vimeo.com/742213932",30:17
31,"The Incredible You Coach Training Level 1 Program",ENGLISH,1,2,"BASELINES EXPRESSION",742214131,"https://vimeo.com/742214131",39:35
31,"The Incredible You Coach Training Level 1 Program",ENGLISH,1,3,"BASELINES EXPRESSION DEBRIEF",742214448,"https://vimeo.com/742214448",24:30
31,"The Incredible You Coach Training Level 1 Program",ENGLISH,1,4,"BASELINES NON-EXPRESSION ACTIVITY",742214697,"https://vimeo.com/742214697",22:05
31,"The Incredible You Coach Training Level 1 Program",ENGLISH,1,5,"THE CHANGE",742214926,"https://vimeo.com/742214926",20:18
31,"The Incredible You Coach Training Level 1 Program",ENGLISH,1,6,"THE CHANGE DEBRIEF",,"",
31,"The Incredible You Coach Training Level 1 Program",ENGLISH,1,7,"BASELINES NON-EXPRESSION DEBRIEF",,"",
31,"The Incredible You Coach Training Level 1 Program",ENGLISH,1,8,"INTRODUCTION TO INNER DNA",742214926,"https://vimeo.com/742214926",20:18
31,"The Incredible You Coach Training Level 1 Program",ENGLISH,2,1,"INTRODUCTION TO INTEGRATED POWER CODING",742220280,"https://vimeo.com/742220280",02:57
31,"The Incredible You Coach Training Level 1 Program",ENGLISH,2,2,"THE N - CODES AND THE E - CODES",742220146,"https://vimeo.com/742220146",18:44
31,"The Incredible You Coach Training Level 1 Program",ENGLISH,2,3,"LETTING GO AND HOLDING ON",742219926,"https://vimeo.com/742219926",23:58
31,"The Incredible You Coach Training Level 1 Program",ENGLISH,2,4,"LETTING GO AND HOLDING ON DEBRIEF (PART 1)",742226242,"https://vimeo.com/742226242",24:32
31,"The Incredible You Coach Training Level 1 Program",ENGLISH,2,5,"LETTING GO AND HOLDING ON DEBRIEF (PART 2)",742226449,"https://vimeo.com/742226449",45:55
31,"The Incredible You Coach Training Level 1 Program",ENGLISH,2,6,"LETTING GO AND HOLDING ON (LET'S SUM IT UP)",742226706,"https://vimeo.com/742226706",14:52
31,"The Incredible You Coach Training Level 1 Program",ENGLISH,3,1,"THE CODING",742226827,"https://vimeo.com/742226827",05:17
31,"The Incredible You Coach Training Level 1 Program",ENGLISH,3,2,"THE CODING DEBRIEF",742226913,"https://vimeo.com/742226913",33:36
31,"The Incredible You Coach Training Level 1 Program",ENGLISH,3,3,"Your new E-codes",742227453,"https://vimeo.com/742227453",12:20
31,"The Incredible You Coach Training Level 1 Program",ENGLISH,3,4,"YOUR E - CODES DEBRIEF",742227098,"https://vimeo.com/742227098",12:49
31,"The Incredible You Coach Training Level 1 Program",ENGLISH,3,5,"THE STORIES",742227205,"https://vimeo.com/742227205",02:40
31,"The Incredible You Coach Training Level 1 Program",ENGLISH,3,6,"THE STORIES DEBRIEF",742227273,"https://vimeo.com/742227273",22:38
31,"The Incredible You Coach Training Level 1 Program",ENGLISH,4,4,"CERTIFICATE",,"",
31,"The Incredible You Coach Training Level 1 Program",ENGLISH,4,1,"HOW TO COMPLETE THE CERTIFICATION",742667716,"https://vimeo.com/742667716",02:32
31,"The Incredible You Coach Training Level 1 Program",ENGLISH,4,2,"MCQ Test",,"",
31,"The Incredible You Coach Training Level 1 Program",ENGLISH,4,3,"Certification Videos",,"",
32,"The Incredible You Coach Training Level 2 Program",ENGLISH,1,1,"OUTCOMES",742228218,"https://vimeo.com/742228218",27:27
32,"The Incredible You Coach Training Level 2 Program",ENGLISH,1,2,"MY OUTCOMES",742228618,"https://vimeo.com/742228618",21:55
32,"The Incredible You Coach Training Level 2 Program",ENGLISH,1,3,"DEFINE MY OUTCOME",,"",
32,"The Incredible You Coach Training Level 2 Program",ENGLISH,1,4,"INCRED OUTCOMES",742227964,"https://vimeo.com/742227964",14:55
32,"The Incredible You Coach Training Level 2 Program",ENGLISH,1,5,"INCRED PROCESS DEBRIEF",742227583,"https://vimeo.com/742227583",22:21
32,"The Incredible You Coach Training Level 2 Program",ENGLISH,2,1,"CHALLENGES, POWER LEAPS",742228974,"https://vimeo.com/742228974",56:06
32,"The Incredible You Coach Training Level 2 Program",ENGLISH,2,2,"INTRODUCTION TO DECISION MAKING",742230535,"https://vimeo.com/742230535",08:14
32,"The Incredible You Coach Training Level 2 Program",ENGLISH,2,3,"UNLEASH YOU",742230258,"https://vimeo.com/742230258",16:24
32,"The Incredible You Coach Training Level 2 Program",ENGLISH,2,4,"MY PAST DECISIONS DEBRIEF & DECISION MAKING WHEEL",742230088,"https://vimeo.com/742230088",08:00
32,"The Incredible You Coach Training Level 2 Program",ENGLISH,2,5,"MAKE THE REAL DECISION",742230701,"https://vimeo.com/742230701",21:06
32,"The Incredible You Coach Training Level 2 Program",ENGLISH,2,6,"THE BUZZ MOMENTS",742231611,"https://vimeo.com/742231611",36:04
32,"The Incredible You Coach Training Level 2 Program",ENGLISH,2,7,"THE MASTERMIND CIRCLE",742230883,"https://vimeo.com/742230883",49:19
32,"The Incredible You Coach Training Level 2 Program",ENGLISH,2,8,"THE SUMMARY",742573605,"https://vimeo.com/742573605",14:28
32,"The Incredible You Coach Training Level 2 Program",ENGLISH,3,1,"THE SUCCESS BLUEPRINT",742232746,"https://vimeo.com/742232746",11:19
32,"The Incredible You Coach Training Level 2 Program",ENGLISH,3,2,"CRAZY DREAMS",742232166,"https://vimeo.com/742232166",04:51
32,"The Incredible You Coach Training Level 2 Program",ENGLISH,3,3,"THE VISION BOARD",742232512,"https://vimeo.com/742232512",10:36
32,"The Incredible You Coach Training Level 2 Program",ENGLISH,3,4,"THE VISION BOARD DEBRIEF",742232614,"https://vimeo.com/742232614",17:37
32,"The Incredible You Coach Training Level 2 Program",ENGLISH,3,5,"CRAFTING YOUR SUCCESS BLUEPRINT",742232432,"https://vimeo.com/742232432",06:29
32,"The Incredible You Coach Training Level 2 Program",ENGLISH,3,6,"THE BEGINNING OF THE JOURNEY",742232244,"https://vimeo.com/742232244",21:18
32,"The Incredible You Coach Training Level 2 Program",ENGLISH,4,4,"CERTIFICATE",,"",
32,"The Incredible You Coach Training Level 2 Program",ENGLISH,4,1,"HOW TO COMPLETE THE CERTIFICATION",742667716,"https://vimeo.com/742667716",02:32
32,"The Incredible You Coach Training Level 2 Program",ENGLISH,4,2,"MCQ Test",,"",
32,"The Incredible You Coach Training Level 2 Program",ENGLISH,4,3,"Certification Videos",,"",
6,"The Incredible You Mind Hacker Coach Training",ENGLISH,7,1,"THE INCREDIBLE YOU COACH TRAINING PROGRAM REGISTRATION LINK",,"",
31,"The Incredible You Coach Training Level 1 Program",ENGLISH,5,1,"THE INCREDIBLE YOU COACH TRAINING (IPC) PROGRAM REGISTRATION LINK",,"",
32,"The Incredible You Coach Training Level 2 Program",ENGLISH,5,1,"THE INCREDIBLE YOU COACH TRAINING (OUTCOMES) PROGRAM REGISTRATION LINK",,"",
6,"The Incredible You Mind Hacker Coach Training",ENGLISH,1,1,"THE WELCOME SESSION",742213307,"https://vimeo.com/742213307",16:19
38,"The Incredible You Mind Hacker Coach Training In Hindi Level 1",HINDI,0,2,"INNER DNA TEST",,"",
38,"The Incredible You Mind Hacker Coach Training In Hindi Level 1",HINDI,0,1,"THE WELCOME SESSION",742213307,"https://vimeo.com/742213307",16:19
38,"The Incredible You Mind Hacker Coach Training In Hindi Level 1",HINDI,0,3,"THE WELCOME SESSION DEBRIEF & THE INNER DNA TEST DEBRIEF",742213518,"https://vimeo.com/742213518",16:51
38,"The Incredible You Mind Hacker Coach Training In Hindi Level 1",HINDI,0,4,"THE WHEEL OF LIFE",,"",
38,"The Incredible You Mind Hacker Coach Training In Hindi Level 1",HINDI,0,5,"WHEEL OF LIFE DEBRIEF",742213653,"https://vimeo.com/742213653",29:08
38,"The Incredible You Mind Hacker Coach Training In Hindi Level 1",HINDI,0,6,"THE SPEECH",,"",
38,"The Incredible You Mind Hacker Coach Training In Hindi Level 1",HINDI,0,7,"THE SPEECH DEBRIEF",742213817,"https://vimeo.com/742213817",13:00
38,"The Incredible You Mind Hacker Coach Training In Hindi Level 1",HINDI,0,8,"DISCOVER YOUR BASELINES",,"",
38,"The Incredible You Mind Hacker Coach Training In Hindi Level 1",HINDI,0,9,"INNER DNA",,"",
38,"The Incredible You Mind Hacker Coach Training In Hindi Level 1",HINDI,0,10,"BASELINES NON-EXPRESSION DEBRIEF",,"",
38,"The Incredible You Mind Hacker Coach Training In Hindi Level 1",HINDI,0,11,"THE CHANGE DEBRIEF",,"",
38,"The Incredible You Mind Hacker Coach Training In Hindi Level 1",HINDI,1,1,"DISCOVER YOUR BASELINES DEBRIEF",742213932,"https://vimeo.com/742213932",30:17
38,"The Incredible You Mind Hacker Coach Training In Hindi Level 1",HINDI,1,2,"BASELINES EXPRESSION",742214131,"https://vimeo.com/742214131",39:35
38,"The Incredible You Mind Hacker Coach Training In Hindi Level 1",HINDI,1,3,"BASELINES EXPRESSION DEBRIEF",742214448,"https://vimeo.com/742214448",24:30
38,"The Incredible You Mind Hacker Coach Training In Hindi Level 1",HINDI,1,4,"BASELINES NON-EXPRESSION ACTIVITY",742214697,"https://vimeo.com/742214697",22:05
38,"The Incredible You Mind Hacker Coach Training In Hindi Level 1",HINDI,1,5,"THE CHANGE",742214926,"https://vimeo.com/742214926",20:18
38,"The Incredible You Mind Hacker Coach Training In Hindi Level 1",HINDI,1,6,"THE CHANGE DEBRIEF",,"",
38,"The Incredible You Mind Hacker Coach Training In Hindi Level 1",HINDI,1,7,"BASELINES NON-EXPRESSION DEBRIEF",,"",
38,"The Incredible You Mind Hacker Coach Training In Hindi Level 1",HINDI,2,1,"INTRODUCTION TO INTEGRATED POWER CODING",742220280,"https://vimeo.com/742220280",02:57
38,"The Incredible You Mind Hacker Coach Training In Hindi Level 1",HINDI,2,2,"THE N - CODES AND THE E - CODES",742220146,"https://vimeo.com/742220146",18:44
38,"The Incredible You Mind Hacker Coach Training In Hindi Level 1",HINDI,2,3,"LETTING GO AND HOLDING ON",742219926,"https://vimeo.com/742219926",23:58
38,"The Incredible You Mind Hacker Coach Training In Hindi Level 1",HINDI,2,4,"LETTING GO AND HOLDING ON DEBRIEF (PART 1)",742226242,"https://vimeo.com/742226242",24:32
38,"The Incredible You Mind Hacker Coach Training In Hindi Level 1",HINDI,2,5,"LETTING GO AND HOLDING ON DEBRIEF (PART 2)",742226449,"https://vimeo.com/742226449",45:55
38,"The Incredible You Mind Hacker Coach Training In Hindi Level 1",HINDI,2,6,"LETTING GO AND HOLDING ON (LET'S SUM IT UP)",742226706,"https://vimeo.com/742226706",14:52
38,"The Incredible You Mind Hacker Coach Training In Hindi Level 1",HINDI,3,1,"THE CODING",742226827,"https://vimeo.com/742226827",05:17
38,"The Incredible You Mind Hacker Coach Training In Hindi Level 1",HINDI,3,2,"THE CODING DEBRIEF",742226913,"https://vimeo.com/742226913",33:36
38,"The Incredible You Mind Hacker Coach Training In Hindi Level 1",HINDI,3,3,"Your new E-codes",742227453,"https://vimeo.com/742227453",12:20
39,"The Incredible You Mind Hacker Coach Training In Hindi Level 2",HINDI,1,1,"UNLEASH YOU & Aapke faisle",742583860,"https://vimeo.com/742583860",11:58
39,"The Incredible You Mind Hacker Coach Training In Hindi Level 2",HINDI,1,2,"MERE PAST MEIN KIYE GAYE FAISLE AUR UNKE ANJAM.",742583650,"https://vimeo.com/742583650",14:04
39,"The Incredible You Mind Hacker Coach Training In Hindi Level 2",HINDI,1,3,"DECISION MAKING WHEEL (ACTIVITY)",742584056,"https://vimeo.com/742584056",08:27
39,"The Incredible You Mind Hacker Coach Training In Hindi Level 2",HINDI,1,4,"DECISION MAKING WHEEL (DEBRIEF)",742584189,"https://vimeo.com/742584189",13:17
39,"The Incredible You Mind Hacker Coach Training In Hindi Level 2",HINDI,1,5,"AAIYE,EK FAISLA KARE (ACTIVITY )",742583229,"https://vimeo.com/742583229",16:13
39,"The Incredible You Mind Hacker Coach Training In Hindi Level 2",HINDI,1,6,"BUZZ MOMENTS KYA HOTE HAI?",742582974,"https://vimeo.com/742582974",14:02
39,"The Incredible You Mind Hacker Coach Training In Hindi Level 2",HINDI,1,7,"BUZZ MOMENTS (ACTIVITY)",742593202,"https://vimeo.com/742593202",26:08
39,"The Incredible You Mind Hacker Coach Training In Hindi Level 2",HINDI,1,8,"AAPKA MASTERMIND,AUR AAP KA MAHAUL",742582365,"https://vimeo.com/742582365",20:42
39,"The Incredible You Mind Hacker Coach Training In Hindi Level 2",HINDI,1,9,"APNA MASTERMIND CHUNE (ACTIVITY)",742583502,"https://vimeo.com/742583502",07:34
39,"The Incredible You Mind Hacker Coach Training In Hindi Level 2",HINDI,1,10,"APNA MASTERMIND CHUNE (DEBRIEF)",742593632,"https://vimeo.com/742593632",20:14
39,"The Incredible You Mind Hacker Coach Training In Hindi Level 2",HINDI,2,1,"RECAP",742588524,"https://vimeo.com/742588524",04:19
39,"The Incredible You Mind Hacker Coach Training In Hindi Level 2",HINDI,2,2,"AAP KA NAZARIYA,AUR USKE NATIJE",742588358,"https://vimeo.com/742588358",09:06
39,"The Incredible You Mind Hacker Coach Training In Hindi Level 2",HINDI,2,3,"INTRODUCTION TO INTEGRATED POWER CODING",742588117,"https://vimeo.com/742588117",15:27
39,"The Incredible You Mind Hacker Coach Training In Hindi Level 2",HINDI,2,4,"ZINDAGi KE AHEM PAL (DEFINING MOMENTS)",742587875,"https://vimeo.com/742587875",22:43
39,"The Incredible You Mind Hacker Coach Training In Hindi Level 2",HINDI,2,5,"LETTING GO AND HOLDING ON (ACTIVITY)",742587656,"https://vimeo.com/742587656",13:53
39,"The Incredible You Mind Hacker Coach Training In Hindi Level 2",HINDI,2,6,"LETTING GO AND HOLDING ON (DEBRIEF)",742587297,"https://vimeo.com/742587297",22:14
39,"The Incredible You Mind Hacker Coach Training In Hindi Level 2",HINDI,2,7,"CODING (ACTIVITY AND DEBRIEF)",742586689,"https://vimeo.com/742586689",20:52
39,"The Incredible You Mind Hacker Coach Training In Hindi Level 2",HINDI,2,8,"PICHHLE HAFTO KA RECAP",742587048,"https://vimeo.com/742587048",03:05
39,"The Incredible You Mind Hacker Coach Training In Hindi Level 2",HINDI,2,9,"OUTCOMES KYA HOTE HAI",742586216,"https://vimeo.com/742586216",11:36
39,"The Incredible You Mind Hacker Coach Training In Hindi Level 2",HINDI,2,10,"MERE APNE OUTCOMES",742586025,"https://vimeo.com/742586025",13:30
39,"The Incredible You Mind Hacker Coach Training In Hindi Level 2",HINDI,4,2,"The Incredible You 10 week Coaching Hub",,"",
40,"The Incredible You 10 week coaching Level 1",ENGLISH,1,1,"WELCOME TO THE 10-WEEK JOURNEY",742194439,"https://vimeo.com/742194439",04:06
40,"The Incredible You 10 week coaching Level 1",ENGLISH,1,2,"INTRODUCTION",,"",NULL
40,"The Incredible You 10 week coaching Level 1",ENGLISH,1,3,"WHO ARE YOU",,"",
40,"The Incredible You 10 week coaching Level 1",ENGLISH,1,4,"WHO ARE YOU (DEBRIEF)",742194482,"https://vimeo.com/742194482",03:59
40,"The Incredible You 10 week coaching Level 1",ENGLISH,1,5,"WHEEL OF LIFE",,"",
40,"The Incredible You 10 week coaching Level 1",ENGLISH,1,6,"WHEEL OF LIFE (DEBRIEF)",742194543,"https://vimeo.com/742194543",03:01
40,"The Incredible You 10 week coaching Level 1",ENGLISH,1,7,"NEW TOPIC BEGINS",,"",NULL
40,"The Incredible You 10 week coaching Level 1",ENGLISH,1,8,"THE INNER DNA (INTRODUCTION TO THE NEW TOPIC)",742194592,"https://vimeo.com/742194592",NULL
40,"The Incredible You 10 week coaching Level 1",ENGLISH,1,9,"THE SPEECH (ACTIVITY)",742194681,"https://vimeo.com/742194681",NULL
40,"The Incredible You 10 week coaching Level 1",ENGLISH,1,10,"THE SPEECH (DEBRIEF)",742194750,"https://vimeo.com/742194750",02:59
40,"The Incredible You 10 week coaching Level 1",ENGLISH,2,1,"WELCOME TO WEEK 2!",742194799,"https://vimeo.com/742194799",02:32
40,"The Incredible You 10 week coaching Level 1",ENGLISH,2,2,"BASELINES EXPRESSION ACTIVITY",,"",NULL
40,"The Incredible You 10 week coaching Level 1",ENGLISH,2,3,"BASELINES EXPRESSION ACTIVITY DEBRIEF",742194855,"https://vimeo.com/742194855",01:54
40,"The Incredible You 10 week coaching Level 1",ENGLISH,2,4,"BASELINES NON EXPRESSION ACTIVITY",,"",NULL
40,"The Incredible You 10 week coaching Level 1",ENGLISH,2,5,"BASELINES NON EXPRESSION ACTIVITY DEBRIEF",742194906,"https://vimeo.com/742194906",02:09
40,"The Incredible You 10 week coaching Level 1",ENGLISH,2,6,"THE CHANGE ACTIVITY",,"",NULL
40,"The Incredible You 10 week coaching Level 1",ENGLISH,2,7,"THE CHANGE DEBRIEF",742194975,"https://vimeo.com/742194975",04:49
40,"The Incredible You 10 week coaching Level 1",ENGLISH,2,8,"JOURNAL EXERCISE AND CONCLUSION",,"",NULL
40,"The Incredible You 10 week coaching Level 1",ENGLISH,3,1,"WELCOME TO WEEK 3, THE INTEGRATED POWER CODING!",742195045,"https://vimeo.com/742195045",NULL
40,"The Incredible You 10 week coaching Level 1",ENGLISH,3,2,"THE DEFINING MOMENTS (ACTIVITY)",742195114,"https://vimeo.com/742195114",06:10
40,"The Incredible You 10 week coaching Level 1",ENGLISH,3,3,"THE DEFINING MOMENTS (DEBRIEF)",742195184,"https://vimeo.com/742195184",05:18
40,"The Incredible You 10 week coaching Level 1",ENGLISH,3,4,"THE JOURNAL EXERCISE",,"",NULL
40,"The Incredible You 10 week coaching Level 1",ENGLISH,4,1,"THE CODING",742195256,"https://vimeo.com/742195256",02:56
40,"The Incredible You 10 week coaching Level 1",ENGLISH,4,2,"THE CODING (DEBRIEF)",,"",NULL
40,"The Incredible You 10 week coaching Level 1",ENGLISH,4,3,"VISION",742195328,"https://vimeo.com/742195328",11:13
40,"The Incredible You 10 week coaching Level 1",ENGLISH,4,4,"VISION (ACTIVITY)",,"",NULL
40,"The Incredible You 10 week coaching Level 1",ENGLISH,4,5,"VISION (DEBRIEF)",,"",NULL
40,"The Incredible You 10 week coaching Level 1",ENGLISH,4,6,"JOURNAL EXERCISE",,"",NULL
41,"The Incredible You 10 week coaching Level",ENGLISH,1,1,"Aapka outcomes plus par swagat hai !",742274924,"https://vimeo.com/742274924",7:57
41,"The Incredible You 10 week coaching Level",ENGLISH,1,2,"Kaunse outcome ko ahmiyat de? (ACTIVITY)",,"",
41,"The Incredible You 10 week coaching Level",ENGLISH,1,3,"Kaunse outcome ko ahmiyat de?(DEBRIEF)",742274815,"https://vimeo.com/742274815",5:10
41,"The Incredible You 10 week coaching Level",ENGLISH,1,4,"Apne sabse khas outcome ko chune (ACTIVITY)",,"",
41,"The Incredible You 10 week coaching Level",ENGLISH,1,5,"Apne sabse khas outcome ko chune (DEBRIEF)",,"",
41,"The Incredible You 10 week coaching Level",ENGLISH,1,6,"Journal activity",,"",
41,"The Incredible You 10 week coaching Level",ENGLISH,2,1,"INCRED OUTCOMES",742274579,"https://vimeo.com/742274579",19:06
41,"The Incredible You 10 week coaching Level",ENGLISH,2,2,"INCRED OUTCOMES BANAYE (ACTIVITY)",742274759,"https://vimeo.com/742274759",03:36
41,"The Incredible You 10 week coaching Level",ENGLISH,2,3,"INCRED OUTCOMES BANAYE (DEBRIEF)",,"",
43,"The Incredible You 10 Week Coaching In Hindi Level 2",HINDI,4,6,"Journal activity",,"",
43,"The Incredible You 10 Week Coaching In Hindi Level 2",HINDI,5,1,"Nauve hafte mein aap sabhi ka swagat hai !",784117862,"https://vimeo.com/784117862",00:51
43,"The Incredible You 10 Week Coaching In Hindi Level 2",HINDI,5,2,"CRAZY FEARLESS DREAMS & VISION BOARD (ACTIVITY)",784118012,"https://vimeo.com/784118012",01:43
43,"The Incredible You 10 Week Coaching In Hindi Level 2",HINDI,5,3,"CRAZY FEARLESS DREAMS & VISION BOARD (DEBRIEF)",784118334,"https://vimeo.com/784118334",01:04
43,"The Incredible You 10 Week Coaching In Hindi Level 2",HINDI,5,4,"JOURNAL ACTIVITY",784118636,"https://vimeo.com/784118636",03:43
43,"The Incredible You 10 Week Coaching In Hindi Level 2",HINDI,6,1,"Incredible you ke aakhri hafte mein aap sabhi ka swagat hai !",784120135,"https://vimeo.com/784120135",03:19
43,"The Incredible You 10 Week Coaching In Hindi Level 2",HINDI,6,2,"SUCCESS BLUEPRINT (ACTIVITY)",742273250,"https://vimeo.com/742273250",06:57
43,"The Incredible You 10 Week Coaching In Hindi Level 2",HINDI,6,3,"SUCCESS BLUEPRINT (DEBRIEF)",784120740,"https://vimeo.com/784120740",02:12
43,"The Incredible You 10 Week Coaching In Hindi Level 2",HINDI,6,4,"CERTIFICATION",,"",
38,"The Incredible You Mind Hacker Coach Training In Hindi Level 1",HINDI,4,4,"Certificate",,"",
39,"The Incredible You Mind Hacker Coach Training In Hindi Level 2",HINDI,2,11,"SUMMARY",742582850,"https://vimeo.com/742582850",05:37
39,"The Incredible You Mind Hacker Coach Training In Hindi Level 2",HINDI,3,1,"RECAP",742593057,"https://vimeo.com/742593057",06:09
39,"The Incredible You Mind Hacker Coach Training In Hindi Level 2",HINDI,3,2,"AAPKE IMAGINATION KI TAKAT SE BANNE WALA CRAZY DREAMS",742592140,"https://vimeo.com/742592140",28:37
39,"The Incredible You Mind Hacker Coach Training In Hindi Level 2",HINDI,3,3,"CRAZY DREAMS (ACTIVITY)",742592916,"https://vimeo.com/742592916",05:20
39,"The Incredible You Mind Hacker Coach Training In Hindi Level 2",HINDI,3,4,"CRAZY DREAMS (DEBRIEF)AUR AAPKA VISION BOARD",742591831,"https://vimeo.com/742591831",23:47
39,"The Incredible You Mind Hacker Coach Training In Hindi Level 2",HINDI,3,5,"VISION BOARD (DEBRIEF )",742592517,"https://vimeo.com/742592517",11:24
39,"The Incredible You Mind Hacker Coach Training In Hindi Level 2",HINDI,3,6,"AAPKA KHUD KA SUCCESS BLUEPRINT",742591547,"https://vimeo.com/742591547",21:01
39,"The Incredible You Mind Hacker Coach Training In Hindi Level 2",HINDI,3,7,"AAPKE INCREDIBLE SAFAR KI SHURUAAT",742592761,"https://vimeo.com/742592761",07:15
44,"The Incredible You 10 Week Coaching Demo In Hindi Level 1",HINDI,1,1,"10-saptah ki yatra mein aapka swagat hai.",742273154,"https://vimeo.com/742273154",7:52
44,"The Incredible You 10 Week Coaching Demo In Hindi Level 1",HINDI,1,2,"INNER DNA TEST",,"",
44,"The Incredible You 10 Week Coaching Demo In Hindi Level 1",HINDI,1,3,"WHO ARE YOU ( DEBRIEF )",742275914,"https://vimeo.com/742275914",12:17
44,"The Incredible You 10 Week Coaching Demo In Hindi Level 1",HINDI,1,4,"WHEEL OF LIFE ( ACTIVITY )",,"",
44,"The Incredible You 10 Week Coaching Demo In Hindi Level 1",HINDI,1,5,"WHEEL OF LIFE ( DEBRIEF )",742276142,"https://vimeo.com/742276142",8:32
44,"The Incredible You 10 Week Coaching Demo In Hindi Level 1",HINDI,1,6,"YOUR INNER DNA",742276041,"https://vimeo.com/742276041",12:43
44,"The Incredible You 10 Week Coaching Demo In Hindi Level 1",HINDI,1,7,"THE SPEECH ( ACTIVITY )",742276252,"https://vimeo.com/742276252",5:45
44,"The Incredible You 10 Week Coaching Demo In Hindi Level 1",HINDI,1,8,"THE SPEECH ( DEBRIEF )",742273083,"https://vimeo.com/742273083",1:42
44,"The Incredible You 10 Week Coaching Demo In Hindi Level 1",HINDI,1,9,"DISCOVER YOUR INNER DNA ( ACTIVITY )",,"",
44,"The Incredible You 10 Week Coaching Demo In Hindi Level 1",HINDI,2,1,"Incredible you program ke dusre hafte mein aap sabka swagat hai !",742275686,"https://vimeo.com/742275686",7:52
44,"The Incredible You 10 Week Coaching Demo In Hindi Level 1",HINDI,2,2,"BASELINES EXPRESSION ACTIVITY",,"",
44,"The Incredible You 10 Week Coaching Demo In Hindi Level 1",HINDI,2,3,"BASELINES NON - EXPRESSION ACTIVITY",742275860,"https://vimeo.com/742275860",1:37
44,"The Incredible You 10 Week Coaching Demo In Hindi Level 1",HINDI,2,4,"BASELINES EXPRESSION AND NON - EXPRESSION DEBRIEF",742275776,"https://vimeo.com/742275776",4:10
44,"The Incredible You 10 Week Coaching Demo In Hindi Level 1",HINDI,2,5,"THE CHANGE ACTIVITY",,"",
44,"The Incredible You 10 Week Coaching Demo In Hindi Level 1",HINDI,2,6,"THE CHANGE DEBRIEF AND JOURNAL EXERCISE",742275614,"https://vimeo.com/742275614",5:10
44,"The Incredible You 10 Week Coaching Demo In Hindi Level 1",HINDI,3,1,"Teesare hafte mein aapka swagat hai!",742275542,"https://vimeo.com/742275542",8:03
44,"The Incredible You 10 Week Coaching Demo In Hindi Level 1",HINDI,3,2,"DEFINING MOMENTS",742275427,"https://vimeo.com/742275427",9:56
44,"The Incredible You 10 Week Coaching Demo In Hindi Level 1",HINDI,3,3,"LETTING GO HOLDING ON ACTIVITY",,"",
44,"The Incredible You 10 Week Coaching Demo In Hindi Level 1",HINDI,3,4,"LETTING GO HOLDING ON DEBRIEF",742275305,"https://vimeo.com/742275305",11:19
44,"The Incredible You 10 Week Coaching Demo In Hindi Level 1",HINDI,4,1,"Aapka CODING (TOOL)",742275205,"https://vimeo.com/742275205",5:48
44,"The Incredible You 10 Week Coaching Demo In Hindi Level 1",HINDI,4,2,"CODING DEBRIEF",742275139,"https://vimeo.com/742275139",2:20
44,"The Incredible You 10 Week Coaching Demo In Hindi Level 1",HINDI,4,3,"Aapki kahani (ACTIVITY)",742275044,"https://vimeo.com/742275044",7:38
44,"The Incredible You 10 Week Coaching Demo In Hindi Level 1",HINDI,4,4,"Aapki kahani (DEBRIEF)",,"",
45,"The Incredible You 10 Week Coaching Demo In Hindi Level 2",HINDI,1,1,"Aapka outcomes plus par swagat hai !",742274924,"https://vimeo.com/742274924",7:57
45,"The Incredible You 10 Week Coaching Demo In Hindi Level 2",HINDI,1,2,"Kaunse outcome ko ahmiyat de? (ACTIVITY)",,"",
45,"The Incredible You 10 Week Coaching Demo In Hindi Level 2",HINDI,1,3,"Kaunse outcome ko ahmiyat de?(DEBRIEF)",742274815,"https://vimeo.com/742274815",5:10
45,"The Incredible You 10 Week Coaching Demo In Hindi Level 2",HINDI,1,4,"Apne sabse khas outcome ko chune (ACTIVITY)",,"",
45,"The Incredible You 10 Week Coaching Demo In Hindi Level 2",HINDI,1,5,"Apne sabse khas outcome ko chune (DEBRIEF)",,"",
45,"The Incredible You 10 Week Coaching Demo In Hindi Level 2",HINDI,1,6,"Journal activity",,"",
45,"The Incredible You 10 Week Coaching Demo In Hindi Level 2",HINDI,2,1,"INCRED OUTCOMES",742274579,"https://vimeo.com/742274579",19:06
45,"The Incredible You 10 Week Coaching Demo In Hindi Level 2",HINDI,2,2,"INCRED OUTCOMES BANAYE (ACTIVITY)",742274759,"https://vimeo.com/742274759",03:36
45,"The Incredible You 10 Week Coaching Demo In Hindi Level 2",HINDI,2,3,"INCRED OUTCOMES BANAYE (DEBRIEF)",,"",
45,"The Incredible You 10 Week Coaching Demo In Hindi Level 2",HINDI,2,4,"CHALLENGES ACTIVITY",,"",
45,"The Incredible You 10 Week Coaching Demo In Hindi Level 2",HINDI,2,5,"CHALLENGES DEBRIEF",,"",
45,"The Incredible You 10 Week Coaching Demo In Hindi Level 2",HINDI,2,6,"POWER LEAPS (ACTIVITY)",742274458,"https://vimeo.com/742274458",09:12
45,"The Incredible You 10 Week Coaching Demo In Hindi Level 2",HINDI,2,7,"POWER LEAPS (DEBRIEF)",742274391,"https://vimeo.com/742274391",01:59
45,"The Incredible You 10 Week Coaching Demo In Hindi Level 2",HINDI,3,1,"Satava hafta, unleash you mein aapka swagat hai",742274318,"https://vimeo.com/742274318",03:50
45,"The Incredible You 10 Week Coaching Demo In Hindi Level 2",HINDI,3,2,"Meri pichhli zindagi mein kiye hue faisle (ACTIVITY)",742274241,"https://vimeo.com/742274241",01:23
45,"The Incredible You 10 Week Coaching Demo In Hindi Level 2",HINDI,3,3,"Meri pichhli zindagi mein kiye hue faisle (DEBRIEF)",742274199,"https://vimeo.com/742274199",02:16
45,"The Incredible You 10 Week Coaching Demo In Hindi Level 2",HINDI,3,4,"DECISION MAKING WHEEL (ACTIVITY)",742274094,"https://vimeo.com/742274094",07:17
45,"The Incredible You 10 Week Coaching Demo In Hindi Level 2",HINDI,3,5,"DECISION MAKING WHEEL (DEBRIEF)",,"",
45,"The Incredible You 10 Week Coaching Demo In Hindi Level 2",HINDI,3,6,"Ek asali faisla kare (ACTIVITY)",742273996,"https://vimeo.com/742273996",06:02
45,"The Incredible You 10 Week Coaching Demo In Hindi Level 2",HINDI,3,7,"Ek asali faisla kare (DEBRIEF)",,"",
45,"The Incredible You 10 Week Coaching Demo In Hindi Level 2",HINDI,3,8,"Journal activity",,"",
45,"The Incredible You 10 Week Coaching Demo In Hindi Level 2",HINDI,4,1,"Aathave hafte mein aapka swagat!",,"",
45,"The Incredible You 10 Week Coaching Demo In Hindi Level 2",HINDI,4,2,"BUZZ MOMENTS (ACTIVITY)",742273868,"https://vimeo.com/742273868",06:19
45,"The Incredible You 10 Week Coaching Demo In Hindi Level 2",HINDI,4,3,"BUZZ MOMENTS (DEBRIEF)",742273782,"https://vimeo.com/742273782",05:20
45,"The Incredible You 10 Week Coaching Demo In Hindi Level 2",HINDI,4,4,"MY MASTERMIND (ACTIVITY)",742273568,"https://vimeo.com/742273568",09:14
45,"The Incredible You 10 Week Coaching Demo In Hindi Level 2",HINDI,4,5,"MY MASTERMIND (DEBRIEF)",742273688,"https://vimeo.com/742273688",02:08
45,"The Incredible You 10 Week Coaching Demo In Hindi Level 2",HINDI,4,6,"Journal activity",,"",
45,"The Incredible You 10 Week Coaching Demo In Hindi Level 2",HINDI,5,1,"Nauve hafte mein aap sabhi ka swagat hai !",,"",
45,"The Incredible You 10 Week Coaching Demo In Hindi Level 2",HINDI,5,2,"CRAZY FEARLESS DREAMS & VISION BOARD (ACTIVITY)",742273361,"https://vimeo.com/742273361",12:21
45,"The Incredible You 10 Week Coaching Demo In Hindi Level 2",HINDI,5,3,"CRAZY FEARLESS DREAMS & VISION BOARD (DEBRIEF)",742273505,"https://vimeo.com/742273505",02:05
45,"The Incredible You 10 Week Coaching Demo In Hindi Level 2",HINDI,5,4,"JOURNAL ACTIVITY",,"",
45,"The Incredible You 10 Week Coaching Demo In Hindi Level 2",HINDI,6,1,"Incredible you ke aakhri hafte mein aap sabhi ka swagat hai !",,"",
45,"The Incredible You 10 Week Coaching Demo In Hindi Level 2",HINDI,6,2,"SUCCESS BLUEPRINT (ACTIVITY)",742273250,"https://vimeo.com/742273250",06:57
45,"The Incredible You 10 Week Coaching Demo In Hindi Level 2",HINDI,6,3,"SUCCESS BLUEPRINT (DEBRIEF)",,"",
45,"The Incredible You 10 Week Coaching Demo In Hindi Level 2",HINDI,6,4,"CERTIFICATION",,"",
38,"The Incredible You Mind Hacker Coach Training In Hindi Level 1",HINDI,4,1,"Client Registration link demo",,"",
38,"The Incredible You Mind Hacker Coach Training In Hindi Level 1",HINDI,4,2,"The Incredible You 10 week Coaching Hub",,"",
38,"The Incredible You Mind Hacker Coach Training In Hindi Level 1",HINDI,4,3,"The Incredible You program registration link",,"",
40,"The Incredible You 10 week coaching Level 1",ENGLISH,1,11,"DISCOVER YOUR INNER DNA",,"",
40,"The Incredible You 10 week coaching Level 1",ENGLISH,5,1,"CERTIFICATION",,"",
38,"The Incredible You Mind Hacker Coach Training In Hindi Level 1",HINDI,5,1,"THE INCREDIBLE YOU FOUNDATION IN HINDI PROGRAM REGISTRATION LINK",,"",
43,"The Incredible You 10 Week Coaching In Hindi Level 2",HINDI,1,6,"Journal activity",,"",
46,"The Incredible You Foundation Hindi",HINDI,0,1,"Aap kaun hai? - personality assessment",,"",
46,"The Incredible You Foundation Hindi",HINDI,1,1,"Naye safar ki shuruaat",743354446,"https://vimeo.com/743354446",06:30
46,"The Incredible You Foundation Hindi",HINDI,1,2,"Zindagi ka maksad",743354276,"https://vimeo.com/743354276",29:39
46,"The Incredible You Foundation Hindi",HINDI,2,1,"Aapke aur aapke maksad ke bich ki rukawat",743354385,"https://vimeo.com/743354385",21:43
46,"The Incredible You Foundation Hindi",HINDI,2,2,"Aapki mushkil ka aapki zindagi par asar",743354200,"https://vimeo.com/743354200",17:48
46,"The Incredible You Foundation Hindi",HINDI,3,1,"Khushiyo se bhari zindagi",743354046,"https://vimeo.com/743354046",43:51
46,"The Incredible You Foundation Hindi",HINDI,3,2,"Ek kadam, incredible insaan banne ki taraf",,"",
46,"The Incredible You Foundation Hindi",HINDI,4,1,"Certification",,"",NULL
47,"The Incredible You Foundation",ENGLISH,5,1,"Certification",,"",
47,"The Incredible You Foundation",ENGLISH,0,1,"INNER DNA TEST",,"",
47,"The Incredible You Foundation",ENGLISH,1,1,"1. THE JOURNEY BEGINS",742583117,"https://vimeo.com/742583117",07:27
47,"The Incredible You Foundation",ENGLISH,1,2,"2. THE FEARS",742583016,"https://vimeo.com/742583016",14:33
47,"The Incredible You Foundation",ENGLISH,2,1,"1. THE SECRET TO BECOMING TRULY INCREDIBLE",742583211,"https://vimeo.com/742583211",13:29
47,"The Incredible You Foundation",ENGLISH,3,1,"1. QUALITY OF YOUR STATE = QUALITY OF YOUR LIFE",742583358,"https://vimeo.com/742583358",13:59
47,"The Incredible You Foundation",ENGLISH,4,1,"1. POSSIBILITIES",742583441,"https://vimeo.com/742583441",10:36
47,"The Incredible You Foundation",ENGLISH,4,2,"2. NEXT STEP",943590867,"https://vimeo.com/943590867",13:40
50,"",,1,1,"WELCOME TO THE 10-WEEK JOURNEY",742194439,"https://vimeo.com/742194439",04:06
50,"",,1,2,"INTRODUCTION",,"",NULL
50,"",,1,3,"WHO ARE YOU",,"",
50,"",,1,4,"WHO ARE YOU (DEBRIEF)",742194482,"https://vimeo.com/742194482",03:59
50,"",,1,5,"WHEEL OF LIFE",,"",
50,"",,1,10,"THE SPEECH (DEBRIEF)",742194750,"https://vimeo.com/742194750",02:59
50,"",,1,11,"DISCOVER YOUR INNER DNA",,"",
50,"",,1,6,"WHEEL OF LIFE (DEBRIEF)",742194543,"https://vimeo.com/742194543",03:01
50,"",,2,1,"WELCOME TO WEEK 2!",742194799,"https://vimeo.com/742194799",02:32
50,"",,2,3,"BASELINES EXPRESSION ACTIVITY DEBRIEF",742194855,"https://vimeo.com/742194855",01:54
50,"",,2,5,"BASELINES NON EXPRESSION ACTIVITY DEBRIEF",742194906,"https://vimeo.com/742194906",02:09
50,"",,2,7,"THE CHANGE DEBRIEF",742194975,"https://vimeo.com/742194975",04:49
50,"",,3,2,"THE DEFINING MOMENTS (ACTIVITY)",742195114,"https://vimeo.com/742195114",06:10
50,"",,3,3,"THE DEFINING MOMENTS (DEBRIEF)",742195184,"https://vimeo.com/742195184",05:18
50,"",,4,1,"THE CODING",742195256,"https://vimeo.com/742195256",02:56
50,"",,4,3,"VISION",742195328,"https://vimeo.com/742195328",11:13
50,"",,4,4,"VISION (ACTIVITY)",,"",NULL
50,"",,4,5,"VISION (DEBRIEF)",,"",NULL
50,"",,4,6,"JOURNAL EXERCISE",,"",NULL
50,"",,5,1,"WELCOME TO WEEK 5, THE OUTCOMES PLUS!",742207800,"https://vimeo.com/742207800",04:19
50,"",,5,2,"WHAT DO I NEED TO FOCUS ON? (ACTIVITY)",,"",NULL
50,"",,5,4,"DEFINE THE OUTCOME",,"",
50,"",,5,5,"DEFINE THE OUTCOME (DEBRIEF)",742207748,"https://vimeo.com/742207748",02:21
50,"",,5,6,"JOURNAL EXERCISE",,"",NULL
50,"",,6,1,"WELCOME TO WEEK 6, THE OUTCOMES PLUS LEVEL 2!",,"",NULL
50,"",,6,3,"CRAFTING INCRED OUTCOME (ACTIVITY)",,"",NULL
50,"",,6,2,"THE INCRED PROCESS",742208747,"https://vimeo.com/742208747",09:44
50,"",,6,4,"CRAFTING INCRED OUTCOME (DEBRIEF)",,"",NULL
50,"",,6,7,"POWER LEAPS",742208915,"https://vimeo.com/742208915",06:33
50,"",,6,8,"POWER LEAPS (ACTIVITY)",,"",NULL
50,"",,6,9,"POWER LEAPS (DEBRIEF)",742208997,"https://vimeo.com/742208997",NULL
50,"",,6,10,"JOURNAL EXERCISE",,"",NULL
50,"",,7,1,"WELCOME TO WEEK 7, UNLEASH YOU!",,"",NULL
50,"",,7,2,"MY PAST DECISIONS (ACTIVITY)",742600302,"https://vimeo.com/742600302",NULL
50,"",,7,3,"MY PAST DECISIONS (DEBRIEF)",,"",NULL
50,"",,7,4,"THE DECISION-MAKING WHEEL",,"",NULL
50,"",,7,5,"THE DECISION-MAKING WHEEL (DEBRIEF)",,"",NULL
50,"",,7,6,"LET'S MAKE A DECISION",,"",NULL
50,"",,7,7,"LET'S MAKE A DECISION (DEBRIEF)",742600374,"https://vimeo.com/742600374",NULL
50,"",,7,8,"JOURNAL EXERCISE",,"",NULL
50,"",,8,1,"WELCOME TO WEEK 8, UNLEASH YOU CONTINUES!",,"",NULL
50,"",,8,2,"BUZZ MOMENTS (ACTIVITY)",742600443,"https://vimeo.com/742600443",NULL
50,"",,8,3,"BUZZ MOMENTS (DEBRIEF)",742613615,"https://vimeo.com/742613615",NULL
50,"",,8,4,"MY MASTERMIND CIRCLE (ACTIVITY)",742599970,"https://vimeo.com/742599970",NULL
50,"",,8,5,"MY MASTERMIND CIRCLE (DEBRIEF)",742600026,"https://vimeo.com/742600026",NULL
50,"",,8,6,"JOURNAL EXERCISE",,"",NULL
50,"",,9,1,"WELCOME TO WEEK 9, THE SUCCESS BLUEPRINT!",,"",NULL
50,"",,9,2,"CRAZY FEARLESS DREAMS (ACTIVITY)",742600078,"https://vimeo.com/742600078",NULL
50,"",,9,3,"CRAZY FEARLESS DREAMS (DEBRIEF)",742600158,"https://vimeo.com/742600158",NULL
50,"",,9,4,"JOURNAL EXERCISE",,"",NULL
50,"",,10,1,"WELCOME TO WEEK 10, THE SUCCESS BLUEPRINT, THE FINAL BLUEPRINT",742600212,"https://vimeo.com/742600212",NULL
50,"",,10,2,"CERTIFICATION",,"",
55,"",,8,1,"CERTIFICATE",,"",
54,"The Incredible You CX",ENGLISH,1,1,"WELCOME TO THE 10-WEEK JOURNEY",742194439,"https://vimeo.com/742194439",04:06
54,"The Incredible You CX",ENGLISH,1,2,"INTRODUCTION",,"",NULL
54,"The Incredible You CX",ENGLISH,1,3,"WHO ARE YOU",,"",
54,"The Incredible You CX",ENGLISH,1,4,"WHO ARE YOU (DEBRIEF)",742194482,"https://vimeo.com/742194482",03:59
54,"The Incredible You CX",ENGLISH,1,5,"WHEEL OF LIFE",,"",
54,"The Incredible You CX",ENGLISH,1,6,"WHEEL OF LIFE (DEBRIEF)",742194543,"https://vimeo.com/742194543",03:01
54,"The Incredible You CX",ENGLISH,1,7,"NEW TOPIC BEGINS",,"",NULL
54,"The Incredible You CX",ENGLISH,1,8,"THE INNER DNA (INTRODUCTION TO THE NEW TOPIC)",742194592,"https://vimeo.com/742194592",NULL
54,"The Incredible You CX",ENGLISH,1,9,"THE SPEECH (ACTIVITY)",742194681,"https://vimeo.com/742194681",NULL
54,"The Incredible You CX",ENGLISH,1,10,"THE SPEECH (DEBRIEF)",742194750,"https://vimeo.com/742194750",02:59
54,"The Incredible You CX",ENGLISH,1,11,"DISCOVER YOUR INNER DNA",,"",
54,"The Incredible You CX",ENGLISH,2,1,"WELCOME TO WEEK 2!",742194799,"https://vimeo.com/742194799",02:32
54,"The Incredible You CX",ENGLISH,2,2,"BASELINES EXPRESSION ACTIVITY",,"",NULL
54,"The Incredible You CX",ENGLISH,2,3,"BASELINES EXPRESSION ACTIVITY DEBRIEF",742194855,"https://vimeo.com/742194855",01:54
54,"The Incredible You CX",ENGLISH,2,4,"BASELINES NON EXPRESSION ACTIVITY",,"",NULL
54,"The Incredible You CX",ENGLISH,2,5,"BASELINES NON EXPRESSION ACTIVITY DEBRIEF",742194906,"https://vimeo.com/742194906",02:09
54,"The Incredible You CX",ENGLISH,2,6,"THE CHANGE ACTIVITY",,"",NULL
54,"The Incredible You CX",ENGLISH,2,7,"THE CHANGE DEBRIEF",742194975,"https://vimeo.com/742194975",04:49
54,"The Incredible You CX",ENGLISH,2,8,"JOURNAL EXERCISE AND CONCLUSION",,"",NULL
54,"The Incredible You CX",ENGLISH,3,1,"WELCOME TO WEEK 3, THE INTEGRATED POWER CODING!",742195045,"https://vimeo.com/742195045",NULL
54,"The Incredible You CX",ENGLISH,3,2,"THE DEFINING MOMENTS (ACTIVITY)",742195114,"https://vimeo.com/742195114",06:10
54,"The Incredible You CX",ENGLISH,3,3,"THE DEFINING MOMENTS (DEBRIEF)",742195184,"https://vimeo.com/742195184",05:18
54,"The Incredible You CX",ENGLISH,3,4,"THE JOURNAL EXERCISE",,"",NULL
54,"The Incredible You CX",ENGLISH,4,1,"THE CODING",742195256,"https://vimeo.com/742195256",02:56
54,"The Incredible You CX",ENGLISH,4,2,"THE CODING (DEBRIEF)",,"",NULL
54,"The Incredible You CX",ENGLISH,4,3,"VISION",742195328,"https://vimeo.com/742195328",11:13
54,"The Incredible You CX",ENGLISH,4,4,"VISION (ACTIVITY)",,"",NULL
54,"The Incredible You CX",ENGLISH,4,5,"VISION (DEBRIEF)",,"",NULL
54,"The Incredible You CX",ENGLISH,4,6,"JOURNAL EXERCISE",,"",NULL
54,"The Incredible You CX",ENGLISH,5,1,"WELCOME TO WEEK 5, THE OUTCOMES PLUS!",742207800,"https://vimeo.com/742207800",04:19
54,"The Incredible You CX",ENGLISH,5,2,"WHAT DO I NEED TO FOCUS ON? (ACTIVITY)",,"",NULL
54,"The Incredible You CX",ENGLISH,5,3,"WHAT DO I NEED TO FOCUS ON? (DEBRIEF)",,"",NULL
54,"The Incredible You CX",ENGLISH,5,4,"DEFINE THE OUTCOME",,"",NULL
54,"The Incredible You CX",ENGLISH,5,5,"DEFINE THE OUTCOME (DEBRIEF)",742207748,"https://vimeo.com/742207748",02:21
54,"The Incredible You CX",ENGLISH,5,6,"JOURNAL EXERCISE",,"",NULL
54,"The Incredible You CX",ENGLISH,6,1,"WELCOME TO WEEK 6, THE OUTCOMES PLUS LEVEL 2!",742208747,"https://vimeo.com/742208747",NULL
54,"The Incredible You CX",ENGLISH,6,2,"CRAFTING INCRED OUTCOME (ACTIVITY)",,"",NULL
54,"The Incredible You CX",ENGLISH,6,3,"THE INCRED PROCESS",742208747,"https://vimeo.com/742208747",09:44
54,"The Incredible You CX",ENGLISH,6,4,"CRAFTING INCRED OUTCOME (DEBRIEF)",,"",NULL
54,"The Incredible You CX",ENGLISH,6,5,"CHALLENGES (ACTIVITY)",,"",NULL
54,"The Incredible You CX",ENGLISH,6,6,"CHALLENGES (DEBRIEF)",742208861,"https://vimeo.com/742208861",NULL
54,"The Incredible You CX",ENGLISH,6,7,"POWER LEAPS",742208915,"https://vimeo.com/742208915",06:33
54,"The Incredible You CX",ENGLISH,6,8,"POWER LEAPS (ACTIVITY)",,"",NULL
54,"The Incredible You CX",ENGLISH,6,9,"POWER LEAPS (DEBRIEF)",742208997,"https://vimeo.com/742208997",NULL
54,"The Incredible You CX",ENGLISH,6,10,"JOURNAL EXERCISE",,"",NULL
54,"The Incredible You CX",ENGLISH,7,1,"WELCOME TO WEEK 7, UNLEASH YOU!",,"",NULL
54,"The Incredible You CX",ENGLISH,7,2,"MY PAST DECISIONS (ACTIVITY)",742600302,"https://vimeo.com/742600302",NULL
54,"The Incredible You CX",ENGLISH,7,3,"MY PAST DECISIONS (DEBRIEF)",,"",NULL
54,"The Incredible You CX",ENGLISH,7,4,"THE DECISION-MAKING WHEEL",,"",NULL
54,"The Incredible You CX",ENGLISH,7,5,"THE DECISION-MAKING WHEEL (DEBRIEF)",,"",NULL
54,"The Incredible You CX",ENGLISH,7,6,"LET'S MAKE A DECISION",,"",NULL
54,"The Incredible You CX",ENGLISH,7,7,"LET'S MAKE A DECISION (DEBRIEF)",742600374,"https://vimeo.com/742600374",NULL
54,"The Incredible You CX",ENGLISH,7,8,"JOURNAL EXERCISE",,"",NULL
54,"The Incredible You CX",ENGLISH,8,1,"WELCOME TO WEEK 8, UNLEASH YOU CONTINUES!",,"",NULL
54,"The Incredible You CX",ENGLISH,8,2,"BUZZ MOMENTS (ACTIVITY)",742600443,"https://vimeo.com/742600443",NULL
54,"The Incredible You CX",ENGLISH,8,3,"BUZZ MOMENTS (DEBRIEF)",742613615,"https://vimeo.com/742613615",NULL
54,"The Incredible You CX",ENGLISH,8,4,"MY MASTERMIND CIRCLE (ACTIVITY)",742599970,"https://vimeo.com/742599970",NULL
54,"The Incredible You CX",ENGLISH,8,5,"MY MASTERMIND CIRCLE (DEBRIEF)",742600026,"https://vimeo.com/742600026",NULL
54,"The Incredible You CX",ENGLISH,8,6,"JOURNAL EXERCISE",,"",NULL
54,"The Incredible You CX",ENGLISH,9,1,"WELCOME TO WEEK 9, THE SUCCESS BLUEPRINT!",,"",NULL
54,"The Incredible You CX",ENGLISH,9,2,"CRAZY FEARLESS DREAMS (ACTIVITY)",742600078,"https://vimeo.com/742600078",NULL
54,"The Incredible You CX",ENGLISH,9,3,"CRAZY FEARLESS DREAMS (DEBRIEF)",742600158,"https://vimeo.com/742600158",NULL
54,"The Incredible You CX",ENGLISH,9,4,"JOURNAL EXERCISE",,"",NULL
54,"The Incredible You CX",ENGLISH,10,1,"WELCOME TO WEEK 10, THE SUCCESS BLUEPRINT, THE FINAL BLUEPRINT",742600212,"https://vimeo.com/742600212",NULL
54,"The Incredible You CX",ENGLISH,10,2,"CERTIFICATION",,"",
