id	program_id	week_id	week	stp_title	stp_stepno	stp_videoid	stp_video_length	stp_select_activity	status
2	1	0	0	INNER DNA TEST	1			1	1
4	1	0	0	SAFAR KI SHURUAAT	2	742591360	09:33	0	1
5	1	0	0	INNER DNA TEST KO BEHTAR SE SAMJHE	3	742590583	41:28	0	1
6	1	0	0	ACTIVITY	4			17	1
7	1	1	1	CLIENT KA INTRODUCTION	1	742591179	07:49	17	1
8	1	1	1	WHEEL OF LIFE (ACTIVITY)	2	742591084	04:13	3	1
9	1	1	1	WHEEL OF LIFE (AAPKA STHITI KA WHEEL OF LIFE KE SATH CONNECTION)	3	742590363	15:41	17	1
10	1	1	1	WHEEL OF LIFE (DEBRIEF)	4	742590214	08:40	17	1
11	1	1	1	INTRODUCTION TO DISCOVER YOUR INNER DNA	5	742589943	25:56	17	1
12	1	1	1	DISCOVER YOUR INNER DNA	6	742589795	09:17	17	1
14	1	1	1	THE SPEECH (ACTIVITY)	7	742589411	18:40	17	1
15	1	1	1	THE SPEECH (DEBRIEF)	8	742589621	10:29	17	1
16	1	1	1	DISCOVER YOUR BASELINES (ACTIVITY)	9			0	1
17	1	1	1	DISCOVER YOUR BASELINES (DEBRIEF)	10	742589294	08:32	17	1
18	1	1	1	BASELINES EXPRESSION & NON- EXPRESSION ACTIVITY INSTRUCTIONS	11	742589243	01:31	0	1
19	1	1	1	BASELINE EXPRESSION (ACTIVITY & DEBRIEF)	12	742588924	20:24	17	1
20	1	1	1	BASELINE NON - EXPRESSION (ACTIVITY & DEBRIEF)	13	742588725	12:17	17	1
21	1	1	1	THE CHANGE (ACTIVITY)	14	742589176	05:42	0	1
22	1	1	1	THE CHANGE (DEBRIEF & CONCLUSION)	15	742588628	07:49	17	1
23	1	2	2	RECAP	1	742588524	04:19	0	1
24	1	2	2	AAP KA NAZARIYA,AUR USKE NATIJE	2	742588358	09:06	17	1
25	1	2	2	INTRODUCTION TO INTEGRATED POWER CODING	3	742588117	15:27	17	1
26	1	2	2	ZINDAGi KE AHEM PAL (DEFINING MOMENTS)	4	742587875	22:43	17	1
27	1	3	3	PICHHLE HAFTO KA RECAP	1	742587048	03:05	0	1
28	1	3	3	OUTCOMES KYA HOTE HAI	2	742586216	11:36	17	1
29	1	3	3	MERE APNE OUTCOMES	3	742586025	13:30	17	1
30	1	3	3	MERE APNE OUTCOMES (DEBRIEF)	4	742585767	15:07	17	1
31	1	3	3	APNE OUTCOMES KO DEFINE KARE (ACTIVITY & DEBRIEF)	5	742585543	16:10	12	1
32	1	3	3	INCRED OUTCOMES	6	742584741	22:11	17	1
33	1	3	3	INCRED OUTCOMES (ACTIVITY)	7	742585143	17:51	17	1
34	1	3	3	INCRED OUTCOMES (DEBRIEF)	8	742585943	06:24	0	1
36	1	3	3	POWER LEAPS	9	742585329	19:00	17	1
37	1	3	3	POWER LEAPS (ACTIVITY)	10	742584458	21:51	17	1
38	1	3	3	CONCLUSION	11	742585018	08:58	0	1
39	1	4	4	UNLEASH YOU & Aapke faisle	1	742583860	11:58	17	1
40	1	4	4	MERE PAST MEIN KIYE GAYE FAISLE AUR UNKE ANJAM.	2	742583650	14:04	0	1
42	1	4	4	DECISION MAKING WHEEL (DEBRIEF)	4	742584189	13:17	17	1
43	1	4	4	AAIYE,EK FAISLA KARE (ACTIVITY )	5	742583229	16:13	17	1
44	1	4	4	BUZZ MOMENTS KYA HOTE HAI?	6	742582974	14:02	17	1
45	1	4	4	BUZZ MOMENTS (ACTIVITY)	7	742593202	26:08	0	1
46	1	4	4	AAPKA MASTERMIND,AUR AAP KA MAHAUL	8	742582365	20:42	17	1
47	1	4	4	APNA MASTERMIND CHUNE (ACTIVITY)	9	742583502	07:34	0	1
48	1	4	4	APNA MASTERMIND CHUNE (DEBRIEF)	10	742593632	20:14	17	1
49	1	4	4	SUMMARY	11	742582850	05:37	0	1
50	1	5	5	RECAP	1	742593057	06:09	0	1
51	1	5	5	AAPKE IMAGINATION KI TAKAT SE BANNE WALA CRAZY DREAMS	2	742592140	28:37	17	1
52	1	4	4	DECISION MAKING WHEEL (ACTIVITY)	3	742584056	08:27	11	1
53	1	5	5	CRAZY DREAMS (DEBRIEF)AUR AAPKA VISION BOARD	4	742591831	23:47	17	1
54	1	5	5	VISION BOARD (DEBRIEF )	5	742592517	11:24	17	1
55	1	5	5	AAPKA KHUD KA SUCCESS BLUEPRINT	6	742591547	21:01	17	1
56	1	5	5	AAPKE INCREDIBLE SAFAR KI SHURUAAT	7	742592761	07:15	0	1
58	1	6	6	The Incredible You 10 week Coaching Hub	2			24	1
59	1	7	7	THE INCREDIBLE YOU FOUNDATION PROGRAM IN HINDI REGISTRATION LINK	1			19	1
60	10	0	0	Aap kaun hai?	1			2	1
61	10	0	0	Aap coach kaise ban sakte hai?	2	742278560	07:34	0	1
62	10	0	0	Meri traning kab shuru hogi?	3			21	1
63	10	1	1	Ek coach ki mindset kaisi honi chahiye ?	1	742279447	08:30	17	1
64	10	1	1	Reframing (punah nirmaan)	2			17	1
65	10	1	1	Codes ka importance janiye	3	742279211	08:49	17	1
66	10	1	1	Truth	4			17	1
67	10	2	2	Vision and mission kya hota hai?	1	742279345	04:41	0	1
68	10	2	2	Badhiye apne vision aur mission ki taraf	2	742278976	19:02	17	1
70	10	3	3	Apni Niche pehchane	1	742278683	12:18	17	1
71	10	4	4	Kya hai aap ki Story?	1	742278868	05:56	17	1
72	10	4	4	Aapki Story aap ki pehchan	2	742278490	03:07	0	1
73	10	5	5	Coaches fail kyu hote hai?	1	742279540	05:16	0	1
74	10	6	6	Certificate	1			18	1
75	3	1	1	10-saptah ki yatra mein aapka swagat hai.	1	783936774	06:28	0	1
76	3	1	1	INNER DNA TEST	2			1	1
77	3	1	1	WHEEL OF LIFE ( ACTIVITY )	4	783940562	00:58	3	1
78	3	1	1	WHO ARE YOU ( DEBRIEF )	3	783938671	08:31	0	1
79	3	1	1	WHEEL OF LIFE ( DEBRIEF )	5	783943156	04:48	0	1
80	3	1	1	YOUR INNER DNA	6	783952765	07:12	0	1
81	3	1	1	THE SPEECH ( ACTIVITY )	7	783955150	01:39	0	1
82	3	8	8	Aathave hafte mein aapka swagat!	1	784115708	01:00	0	1
83	3	1	1	DISCOVER YOUR INNER DNA ( ACTIVITY )	9			0	1
85	3	2	2	Incredible you program ke dusre hafte mein aap sabka swagat hai !	1	784092415	05:10	0	1
86	3	2	2	BASELINES EXPRESSION ACTIVITY	2	784094769	02:05	0	1
87	3	2	2	BASELINES NON - EXPRESSION ACTIVITY	3	784095886	01:52	0	1
88	3	2	2	BASELINES EXPRESSION AND NON - EXPRESSION DEBRIEF	4	784097761	03:27	0	1
89	3	2	2	THE CHANGE ACTIVITY	5			0	1
90	3	2	2	THE CHANGE DEBRIEF AND JOURNAL EXERCISE	6	784098398	07:58	0	1
91	3	3	3	Teesare hafte mein aapka swagat hai!	1	784101028	09:21	0	1
93	3	3	3	LETTING GO HOLDING ON ACTIVITY	3			0	1
94	3	3	3	LETTING GO HOLDING ON DEBRIEF	4	784104871	06:21	0	1
96	3	4	4	Aapka CODING (TOOL)	1	784106168	03:34	0	1
97	3	4	4	CODING DEBRIEF	2	742275139	2:20	0	1
98	3	4	4	Aapki kahani (ACTIVITY)	3	784106554	07:22	0	1
99	3	4	4	Aapki kahani (DEBRIEF)	4			0	1
100	3	5	5	Aapka outcomes plus par swagat hai !	1	784107373	10:05	0	1
101	3	5	5	Kaunse outcome ko ahmiyat de? (ACTIVITY)	2			0	1
102	3	3	3	DEFINING MOMENTS	2	784102758	12:11	0	1
103	3	5	5	Apne sabse khas outcome ko chune (ACTIVITY)	4			12	1
104	3	5	5	Apne sabse khas outcome ko chune (DEBRIEF)	5			0	1
105	3	5	5	Journal activity	6			0	1
107	3	6	6	INCRED OUTCOMES	1	784109636	07:04	0	1
108	3	6	6	INCRED OUTCOMES BANAYE (ACTIVITY)	2	784111493	01:53	0	1
109	3	6	6	INCRED OUTCOMES BANAYE (DEBRIEF)	3			0	1
110	3	6	6	CHALLENGES ACTIVITY	4			0	1
111	3	6	6	CHALLENGES DEBRIEF	5			0	1
112	3	6	6	POWER LEAPS (ACTIVITY)	6	784112089	07:27	0	1
113	3	6	6	POWER LEAPS (DEBRIEF)	7	784113072	01:24	0	1
114	3	7	7	Satava hafta, unleash you mein aapka swagat hai.	1	784113183	03:46	0	1
115	3	7	7	Meri pichhli zindagi mein kiye hue faisle (ACTIVITY)	2	784113851	00:51	0	1
116	3	7	7	Meri pichhli zindagi mein kiye hue faisle (DEBRIEF)	3	784114026	01:55	0	1
117	3	7	7	DECISION MAKING WHEEL (ACTIVITY)	4	784114423	02:41	11	1
118	3	7	7	DECISION MAKING WHEEL (DEBRIEF)	5			0	1
119	3	7	7	Ek asali faisla kare (ACTIVITY)	6	784114927	02:28	0	1
120	3	7	7	Ek asali faisla kare (DEBRIEF)	7			0	1
121	3	7	7	Journal activity	8			0	1
123	3	8	8	BUZZ MOMENTS (ACTIVITY)	2	784115904	04:25	0	1
124	3	8	8	BUZZ MOMENTS (DEBRIEF)	3	784116682	00:52	0	1
125	3	8	8	MY MASTERMIND (ACTIVITY)	4	784116896	04:21	0	1
126	3	8	8	MY MASTERMIND (DEBRIEF)	5	784117459	01:58	0	1
127	3	8	8	Journal activity	6			0	1
128	3	9	9	Nauve hafte mein aap sabhi ka swagat hai !	1	784117862	00:51	0	1
129	3	9	9	CRAZY FEARLESS DREAMS & VISION BOARD (ACTIVITY)	2	784118012	01:43	0	1
130	3	9	9	CRAZY FEARLESS DREAMS & VISION BOARD (DEBRIEF)	3	784118334	01:04	0	1
131	3	9	9	JOURNAL ACTIVITY	4	784118636	03:43	0	1
132	3	10	10	Incredible you ke aakhri hafte mein aap sabhi ka swagat hai !	1	784120135	03:19	0	1
133	3	10	10	SUCCESS BLUEPRINT (ACTIVITY)	2	742273250	06:57	0	1
134	3	10	10	SUCCESS BLUEPRINT (DEBRIEF)	3	784120740	02:12	0	1
135	3	10	10	CERTIFICATION	4			18	1
137	9	1	1	THE TRUTH	2	742250953	14:39	0	1
138	9	2	2	WHAT DO YOU EARN?	1	742251142	03:30	13	1
139	9	3	3	HOW MUCH DO YOU SPEND? (PART ONE)	1	742254605	01:33	14	1
140	9	3	3	HOW MUCH DO YOU SPEND? (PART TWO)	2	742573274	02:51	15	1
141	9	4	4	YOUR OWN FINANCIAL BLUEPRINT	1	742254755	04:09	16	1
143	14	33	1	1. THE JOURNEY BEGINS	1	742583117	07:27	0	1
144	14	33	1	2. THE FEARS	2	742583016	14:33	17	1
145	14	34	2	1. THE SECRET TO BECOMING TRULY INCREDIBLE	1	742583211	13:29	17	1
146	14	3	3	1. QUALITY OF YOUR STATE = QUALITY OF YOUR LIFE	1	742583358	13:59	0	1
147	14	3	4	1. POSSIBILITIES	1	742583441	10:36	17	1
148	1	2	2	LETTING GO AND HOLDING ON (ACTIVITY)	5	742587656	13:53	17	1
149	1	2	2	LETTING GO AND HOLDING ON (DEBRIEF)	6	742587297	22:14	17	1
150	1	2	2	CODING (ACTIVITY AND DEBRIEF)	7	742586689	20:52	8	1
263	6	1	1	THE WELCOME SESSION DEBRIEF & THE INNER DNA TEST DEBRIEF	2	742213518	16:51	17	1
264	6	1	1	THE WHEEL OF LIFE	3			3	1
265	6	1	1	WHEEL OF LIFE DEBRIEF	4	742213653	29:08	17	1
266	6	1	1	THE SPEECH	6			17	1
267	6	1	1	THE SPEECH DEBRIEF	7	742213817	13:00	17	1
268	6	1	1	DISCOVER YOUR BASELINES	8			4	1
269	6	1	1	DISCOVER YOUR BASELINES DEBRIEF	9	742213932	30:17	17	1
270	6	1	1	BASELINES EXPRESSION	10	742214131	39:35	17	1
271	6	1	1	BASELINES EXPRESSION DEBRIEF	11	742214448	24:30	17	1
272	6	1	1	BASELINES NON-EXPRESSION ACTIVITY	12	742214697	22:05	17	1
273	6	1	1	THE CHANGE	14	742214926	20:18	17	1
274	6	2	2	INTRODUCTION TO INTEGRATED POWER CODING	1	742220280	02:57	17	1
275	6	2	2	THE N - CODES AND THE E - CODES	2	742220146	18:44	17	1
276	6	2	2	LETTING GO AND HOLDING ON	3	742219926	23:58	17	1
277	6	2	2	LETTING GO AND HOLDING ON DEBRIEF (PART 1)	4	742226242	24:32	17	1
278	6	2	2	LETTING GO AND HOLDING ON DEBRIEF (PART 2)	5	742226449	45:55	17	1
279	6	2	2	LETTING GO AND HOLDING ON (LET'S SUM IT UP)	6	742226706	14:52	17	1
280	6	2	2	THE CODING	7	742226827	05:17	8	1
281	6	2	2	THE CODING DEBRIEF	8	742226913	33:36	17	1
282	6	2	2	Your new E-codes	9	742227453	12:20	17	1
283	6	2	2	YOUR E - CODES DEBRIEF	10	742227098	12:49	17	1
284	6	2	2	THE STORIES	11	742227205	02:40	17	1
285	6	2	2	THE STORIES DEBRIEF	12	742227273	22:38	17	1
286	6	3	3	OUTCOMES	1	742228218	27:27	17	1
287	6	3	3	MY OUTCOMES	2	742228618	21:55	17	1
288	6	3	3	DEFINE MY OUTCOME	3			12	1
289	6	3	3	INCRED OUTCOMES	4	742227964	14:55	17	1
290	6	3	3	INCRED PROCESS DEBRIEF	5	742227583	22:21	17	1
291	6	3	3	CHALLENGES, POWER LEAPS	6	742228974	56:06	17	1
292	6	4	4	INTRODUCTION TO DECISION MAKING	1	742230535	08:14	17	1
293	6	4	4	UNLEASH YOU	2	742230258	16:24	17	1
294	6	4	4	MY PAST DECISIONS DEBRIEF & DECISION MAKING WHEEL	3	742230088	08:00	17	1
295	6	4	4	MAKE THE REAL DECISION	4	742230701	21:06	17	1
296	6	4	4	THE BUZZ MOMENTS	5	742231611	36:04	17	1
297	6	4	4	THE MASTERMIND CIRCLE	6	742230883	49:19	17	1
298	6	4	4	THE SUMMARY	7	742573605	14:28	17	1
299	6	5	5	THE SUCCESS BLUEPRINT	1	742232746	11:19	17	1
300	6	5	5	CRAZY DREAMS	2	742232166	04:51	0	1
301	6	5	5	THE VISION BOARD	3	742232512	10:36	17	1
302	6	5	5	THE VISION BOARD DEBRIEF	4	742232614	17:37	17	1
303	6	5	5	CRAFTING YOUR SUCCESS BLUEPRINT	5	742232432	06:29	17	1
304	6	5	5	THE BEGINNING OF THE JOURNEY	6	742232244	21:18	17	1
305	7	0	0	INNER DNA TEST	1			2	1
306	7	0	0	LET THE JOURNEY BEGIN	2	742682582	17:18	0	1
307	7	0	0	WHEN DOES MY TRAINING BEGIN?	3		NULL	21	1
308	7	79	1	THE DEFINING SITUATIONS	1		NULL	17	1
309	7	79	1	THE POWERFUL COACH CODES	3		NULL	17	1
310	7	79	1	THE REFRAMING	2		NULL	17	1
311	7	79	1	THE TRUTH	4		NULL	17	1
312	7	80	2	CRAFTING YOUR VISION AND MISSION	1		NULL	17	1
313	7	81	3	THE NICHE ACTIVITY	1		NULL	17	1
314	7	82	4	BUILD YOUR STORY	1		NULL	17	1
315	4	0	0	Aap kaun hai? - personality assessment	1			0	1
316	4	1	1	Naye safar ki shuruaat	1	743354446	06:30	0	1
317	4	1	1	Zindagi ka maksad	2	743354276	29:39	17	1
318	4	2	2	Aapke aur aapke maksad ke bich ki rukawat	1	743354385	21:43	17	1
319	4	2	2	Aapki mushkil ka aapki zindagi par asar	2	743354200	17:48	17	1
320	4	3	3	Khushiyo se bhari zindagi	1	743354046	43:51	17	1
321	4	3	3	Ek kadam, incredible insaan banne ki taraf	2			0	1
322	5	0	0	INNER DNA TEST	1			1	1
323	5	1	1	WHAT ARE POWERLEAPS AND HOW TO GENERATE 12 WEEKS MASTERMIND STRUCTURE?	1	742263102	15:26	0	1
324	5	1	1	SELECT YOUR NICHE	2		NULL	0	1
325	5	1	1	SELECT YOUR NICHE MASTERMIND	3		NULL	0	1
326	5	88	1	YOUR MASTERMIND OVERVIEW	4		NULL	0	1
327	5	1	1	YOUR 12 WEEK MASTERMINDS CRAFTED!	5		NULL	0	1
328	5	2	2	INTRODUCTION AND ROADBLOCKS	1	742263752	20:12	0	1
329	5	2	2	DEMO OF INTRODUCTION & ROADBLOCKS	2	742263659	20:18	0	1
330	5	90	3	THE BRAINX SESSION	1	742263599	09:31	0	1
331	5	90	3	DEMO OF BRAIN X - ACTION & ACCOUNTABILITY	2	742263522	18:31	0	1
332	5	90	3	WHAT IS HOT SEAT? HOW TO LEARN NEW THINGS FROM EXTERNAL GUESTS?	3	742263467	10:54	0	1
333	5	4	4	HOW TO SET THE PRICING OF YOUR MASTERMIND?	1	742263389	25:22	0	1
334	5	91	4	TAKE YOUR JOURNEY TO THE NEXT LEVEL	2	742263298	11:16	17	1
335	5	92	5	HOW TO MARKET YOUR MASTERMIND?	1	742263210	12:06	17	1
336	1	5	5	CRAZY DREAMS (ACTIVITY)	3	742592916	05:20	0	1
337	3	1	1	THE SPEECH ( DEBRIEF )	8	783963629	06:31	0	1
338	3	5	5	Kaunse outcome ko ahmiyat de?(DEBRIEF)	3	784108285	04:41	0	1
345	20	1	1	10-saptah ki yatra mein aapka swagat hai.	1	742273154	7:52	0	1
346	20	1	1	INNER DNA TEST	2			1	1
347	20	1	1	WHEEL OF LIFE ( ACTIVITY )	4			0	1
348	20	1	1	WHO ARE YOU ( DEBRIEF )	3	742275914	12:17	0	1
349	20	1	1	WHEEL OF LIFE ( DEBRIEF )	5	742276142	8:32	0	1
350	20	1	1	YOUR INNER DNA	6	742276041	12:43	0	1
351	20	1	1	THE SPEECH ( ACTIVITY )	7	742276252	5:45	0	1
352	20	8	8	Aathave hafte mein aapka swagat!	1			0	1
353	20	1	1	DISCOVER YOUR INNER DNA ( ACTIVITY )	9			0	1
354	20	2	2	Incredible you program ke dusre hafte mein aap sabka swagat hai !	1	742275686	7:52	0	1
355	20	2	2	BASELINES EXPRESSION ACTIVITY	2			0	1
356	20	2	2	BASELINES NON - EXPRESSION ACTIVITY	3	742275860	1:37	0	1
357	20	2	2	BASELINES EXPRESSION AND NON - EXPRESSION DEBRIEF	4	742275776	4:10	0	1
358	20	2	2	THE CHANGE ACTIVITY	5			0	1
359	20	2	2	THE CHANGE DEBRIEF AND JOURNAL EXERCISE	6	742275614	5:10	0	1
360	20	3	3	Teesare hafte mein aapka swagat hai!	1	742275542	8:03	0	1
361	20	3	3	LETTING GO HOLDING ON ACTIVITY	3			0	1
362	20	3	3	LETTING GO HOLDING ON DEBRIEF	4	742275305	11:19	0	1
363	20	4	4	Aapka CODING (TOOL)	1	742275205	5:48	0	1
364	20	4	4	CODING DEBRIEF	2	742275139	2:20	0	1
365	20	4	4	Aapki kahani (ACTIVITY)	3	742275044	7:38	0	1
366	20	4	4	Aapki kahani (DEBRIEF)	4			0	1
367	20	5	5	Aapka outcomes plus par swagat hai !	1	742274924	7:57	0	1
368	20	5	5	Kaunse outcome ko ahmiyat de? (ACTIVITY)	2			0	1
369	20	3	3	DEFINING MOMENTS	2	742275427	9:56	0	1
370	20	5	5	Apne sabse khas outcome ko chune (ACTIVITY)	4			12	1
371	20	5	5	Apne sabse khas outcome ko chune (DEBRIEF)	5			0	1
372	20	5	5	Journal activity	6			0	1
373	20	6	6	INCRED OUTCOMES	1	742274579	19:06	0	1
374	20	6	6	INCRED OUTCOMES BANAYE (ACTIVITY)	2	742274759	03:36	0	1
375	20	6	6	INCRED OUTCOMES BANAYE (DEBRIEF)	3			0	1
376	20	6	6	CHALLENGES ACTIVITY	4			0	1
377	20	6	6	CHALLENGES DEBRIEF	5			0	1
378	20	6	6	POWER LEAPS (ACTIVITY)	6	742274458	09:12	0	1
379	20	6	6	POWER LEAPS (DEBRIEF)	7	742274391	01:59	0	1
380	20	7	7	Satava hafta, unleash you mein aapka swagat hai	1	742274318	03:50	0	1
381	20	7	7	Meri pichhli zindagi mein kiye hue faisle (ACTIVITY)	2	742274241	01:23	0	1
382	20	7	7	Meri pichhli zindagi mein kiye hue faisle (DEBRIEF)	3	742274199	02:16	0	1
383	20	7	7	DECISION MAKING WHEEL (ACTIVITY)	4	742274094	07:17	11	1
384	20	7	7	DECISION MAKING WHEEL (DEBRIEF)	5			0	1
385	20	7	7	Ek asali faisla kare (ACTIVITY)	6	742273996	06:02	0	1
386	20	7	7	Ek asali faisla kare (DEBRIEF)	7			0	1
387	20	7	7	Journal activity	8			0	1
388	20	8	8	BUZZ MOMENTS (ACTIVITY)	2	742273868	06:19	0	1
389	20	8	8	BUZZ MOMENTS (DEBRIEF)	3	742273782	05:20	0	1
390	20	8	8	MY MASTERMIND (ACTIVITY)	4	742273568	09:14	0	1
391	20	8	8	MY MASTERMIND (DEBRIEF)	5	742273688	02:08	0	1
392	20	8	8	Journal activity	6			0	1
393	20	9	9	Nauve hafte mein aap sabhi ka swagat hai !	1			0	1
394	20	9	9	CRAZY FEARLESS DREAMS & VISION BOARD (ACTIVITY)	2	742273361	12:21	0	1
395	20	9	9	CRAZY FEARLESS DREAMS & VISION BOARD (DEBRIEF)	3	742273505	02:05	0	1
396	20	9	9	JOURNAL ACTIVITY	4			0	1
397	20	10	10	Incredible you ke aakhri hafte mein aap sabhi ka swagat hai !	1			0	1
398	20	10	10	SUCCESS BLUEPRINT (ACTIVITY)	2	742273250	06:57	0	1
399	20	10	10	SUCCESS BLUEPRINT (DEBRIEF)	3			0	1
400	20	10	10	CERTIFICATION	4			18	1
401	20	1	1	THE SPEECH ( DEBRIEF )	8	742273083	1:42	0	1
402	20	5	5	Kaunse outcome ko ahmiyat de?(DEBRIEF)	3	742274815	5:10	0	1
471	5	6	6	CERTIFICATE	1			18	1
476	5	7	7	DISCOVERY SESSION	1	743074102	42:06	0	1
477	6	6	6	CERTIFICATE	4			18	1
478	6	6	6	HOW TO COMPLETE THE CERTIFICATION	1	742667716	02:32	0	1
479	11	1	1	WHEEL OF LIFE (DEBRIEF)	6	742194543	03:01	0	1
481	21	47	1	WELCOME TO THE 10-WEEK JOURNEY	1	742194439	NULL	0	1
482	21	47	1	INTRODUCTION	2		NULL	0	1
483	21	47	1	WHO ARE YOU	3		NULL	1	1
484	21	47	1	WHO ARE YOU (DEBRIEF)	4	742194482	NULL	0	1
485	21	47	1	WHEEL OF LIFE	5		NULL	3	1
486	21	47	1	NEW TOPIC BEGINS	7		NULL	0	1
487	21	47	1	THE INNER DNA (INTRODUCTION TO THE NEW TOPIC)	8	742194592	NULL	0	1
488	21	47	1	THE SPEECH (ACTIVITY)	9	742194681	NULL	0	1
489	21	47	1	THE SPEECH (DEBRIEF)	10	742194750	NULL	0	1
490	21	47	1	DISCOVER YOUR INNER DNA	11		NULL	4	1
491	21	48	2	WELCOME TO WEEK 2!	1	742194799	NULL	0	1
492	21	48	2	BASELINES EXPRESSION ACTIVITY	2		NULL	0	1
493	21	48	2	BASELINES EXPRESSION ACTIVITY DEBRIEF	3	742194855	NULL	0	1
494	21	48	2	BASELINES NON EXPRESSION ACTIVITY	4		NULL	0	1
495	21	48	2	BASELINES NON EXPRESSION ACTIVITY DEBRIEF	5	742194906	NULL	0	1
496	21	48	2	THE CHANGE ACTIVITY	6		NULL	0	1
497	21	48	2	THE CHANGE DEBRIEF	7	742194975	NULL	0	1
498	21	48	2	JOURNAL EXERCISE AND CONCLUSION	8		NULL	0	1
499	21	49	3	WELCOME TO WEEK 3, THE INTEGRATED POWER CODING!	1	742195045	NULL	0	1
500	21	49	3	THE DEFINING MOMENTS (ACTIVITY)	2	742195114	NULL	0	1
501	21	49	3	THE DEFINING MOMENTS (DEBRIEF)	3	742195184	NULL	0	1
502	21	49	3	THE JOURNAL EXERCISE	4		NULL	0	1
503	21	50	4	THE CODING	1	742195256	NULL	8	1
504	21	50	4	THE CODING (DEBRIEF)	2		NULL	0	1
505	21	50	4	VISION	3	742195328	NULL	0	1
506	21	50	4	VISION (ACTIVITY)	4		NULL	0	1
507	21	50	4	VISION (DEBRIEF)	5		NULL	0	1
508	21	50	4	JOURNAL EXERCISE	6		NULL	0	1
509	21	51	5	WELCOME TO WEEK 5, THE OUTCOMES PLUS!	1	742207800	NULL	0	1
510	21	51	5	WHAT DO I NEED TO FOCUS ON? (ACTIVITY)	2		NULL	0	1
511	21	51	5	WHAT DO I NEED TO FOCUS ON? (DEBRIEF)	3		NULL	0	1
512	21	51	5	DEFINE THE OUTCOME	4		NULL	12	1
513	21	51	5	DEFINE THE OUTCOME (DEBRIEF)	5	742207748	NULL	0	1
514	21	51	5	JOURNAL EXERCISE	6		NULL	0	1
515	21	52	6	WELCOME TO WEEK 6, THE OUTCOMES PLUS LEVEL 2!	1	742208747	NULL	0	1
516	21	52	6	CRAFTING INCRED OUTCOME (ACTIVITY)	3		NULL	0	1
517	21	52	6	THE INCRED PROCESS	2	742208747	NULL	0	1
518	21	52	6	CRAFTING INCRED OUTCOME (DEBRIEF)	4		NULL	0	1
519	21	52	6	CHALLENGES (ACTIVITY)	5		NULL	0	1
520	21	52	6	CHALLENGES (DEBRIEF)	6	742208861	NULL	0	1
521	21	52	6	POWER LEAPS	7	742208915	NULL	0	1
522	21	52	6	POWER LEAPS (ACTIVITY)	8		NULL	0	1
523	21	52	6	POWER LEAPS (DEBRIEF)	9	742208997	NULL	0	1
524	21	52	6	JOURNAL EXERCISE	10		NULL	0	1
525	21	53	7	WELCOME TO WEEK 7, UNLEASH YOU!	1		NULL	0	1
526	21	53	7	MY PAST DECISIONS (ACTIVITY)	2	742600302	NULL	0	1
527	21	53	7	MY PAST DECISIONS (DEBRIEF)	3		NULL	0	1
528	21	53	7	THE DECISION-MAKING WHEEL	4		NULL	11	1
529	21	53	7	THE DECISION-MAKING WHEEL (DEBRIEF)	5		NULL	0	1
530	21	53	7	LET'S MAKE A DECISION	6		NULL	11	1
531	21	53	7	LET'S MAKE A DECISION (DEBRIEF)	7	742600374	NULL	0	1
532	21	53	7	JOURNAL EXERCISE	8		NULL	0	1
533	21	54	8	WELCOME TO WEEK 8, UNLEASH YOU CONTINUES!	1		NULL	0	1
534	21	54	8	BUZZ MOMENTS (ACTIVITY)	2	742600443	NULL	0	1
535	21	54	8	BUZZ MOMENTS (DEBRIEF)	3	742613615	NULL	0	1
536	21	54	8	MY MASTERMIND CIRCLE (ACTIVITY)	4	742599970	NULL	0	1
537	21	54	8	MY MASTERMIND CIRCLE (DEBRIEF)	5	742600026	NULL	0	1
538	21	54	8	JOURNAL EXERCISE	6		NULL	0	1
539	21	55	9	WELCOME TO WEEK 9, THE SUCCESS BLUEPRINT!	1		NULL	0	1
540	21	55	9	CRAZY FEARLESS DREAMS (ACTIVITY)	2	742600078	NULL	0	1
541	21	55	9	CRAZY FEARLESS DREAMS (DEBRIEF)	3	742600158	NULL	0	1
542	21	55	9	JOURNAL EXERCISE	4		NULL	0	1
543	21	56	10	WELCOME TO WEEK 10, THE SUCCESS BLUEPRINT, THE FINAL BLUEPRINT	1	742600212	NULL	0	1
544	21	1	1	WHEEL OF LIFE (DEBRIEF)	6	742194543	NULL	0	1
545	21	137	11	Certification	1		NULL	0	1
609	4	4	4	Certification	1		NULL	18	1
610	7	5	5	Certification	1		NULL	18	1
612	21	NULL	11	Certification	1		NULL	18	1
613	14	5	5	Certification	1			18	1
616	1	6	6	Client Registration link demo	1			19	1
617	1	6	6	Certificate	4			18	1
636	12	0	0	INNER DNA TEST	1			2	1
637	12	0	0	WHEN DOES MY TRAINING BEGIN?	2		NULL	21	1
638	13	10	10	Certification	1		NULL	18	1
639	12	5	5	Certification	1		NULL	18	1
641	9	1	1	INNER DNA TEST	1			1	1
642	13	9	9	BOOK INFORMATION	1		NULL	24	1
643	13	9	9	FEEDBACK SUBMITTED	2		NULL	0	1
644	13	9	9	BOOK COVER SUBMITTED	3		NULL	0	1
645	13	9	9	BOOK PRICING	4		NULL	24	1
646	13	9	9	BOOK FINAL	5		NULL	0	1
647	13	9	9	TESTIMONIALS	6		NULL	24	1
648	1	6	6	The Incredible You program registration link	3			19	1
649	6	6	6	MCQ Test	2			0	1
650	6	6	6	Certification Videos	3			0	1
651	6	1	1	INNER DNA	5			17	1
652	6	1	1	BASELINES NON-EXPRESSION DEBRIEF	13			17	1
653	6	1	1	THE CHANGE DEBRIEF	15			17	1
654	11	10	10	CERTIFICATION	2			18	1
655	0	0	0	WHAT COACHING REALLY IS?	1	742211064	06:13	0	1
656	0	0	0	WHAT IS YOUR VISION AND MISSION?	2	742210982	09:12	17	1
657	0	0	0	THE POWER OF IMAGINATION	3	742211132	12:45	17	1
658	31	0	0	INNER DNA TEST	2			1	1
659	31	0	0	THE WELCOME SESSION	1	742213307	16:19	0	1
660	31	0	0	THE WELCOME SESSION DEBRIEF & THE INNER DNA TEST DEBRIEF	3	742213518	16:51	17	1
661	31	0	0	THE WHEEL OF LIFE	4			3	1
662	31	0	0	WHEEL OF LIFE DEBRIEF	5	742213653	29:08	17	1
663	31	0	0	THE SPEECH	6			17	1
664	31	0	0	THE SPEECH DEBRIEF	7	742213817	13:00	17	1
665	31	0	0	DISCOVER YOUR BASELINES	8			4	1
666	31	1	1	DISCOVER YOUR BASELINES DEBRIEF	1	742213932	30:17	17	1
667	31	1	1	BASELINES EXPRESSION	2	742214131	39:35	17	1
668	31	1	1	BASELINES EXPRESSION DEBRIEF	3	742214448	24:30	17	1
669	31	1	1	BASELINES NON-EXPRESSION ACTIVITY	4	742214697	22:05	17	1
670	31	1	1	THE CHANGE	5	742214926	20:18	17	1
671	31	1	1	THE CHANGE DEBRIEF	6			17	1
672	31	1	1	BASELINES NON-EXPRESSION DEBRIEF	7			17	1
673	31	1	1	INTRODUCTION TO INNER DNA	8	742214926	20:18	17	1
674	31	2	2	INTRODUCTION TO INTEGRATED POWER CODING	1	742220280	02:57	17	1
675	31	2	2	THE N - CODES AND THE E - CODES	2	742220146	18:44	17	1
676	31	2	2	LETTING GO AND HOLDING ON	3	742219926	23:58	17	1
677	31	2	2	LETTING GO AND HOLDING ON DEBRIEF (PART 1)	4	742226242	24:32	17	1
678	31	2	2	LETTING GO AND HOLDING ON DEBRIEF (PART 2)	5	742226449	45:55	17	1
679	31	2	2	LETTING GO AND HOLDING ON (LET'S SUM IT UP)	6	742226706	14:52	17	1
680	31	3	3	THE CODING	1	742226827	05:17	8	1
681	31	3	3	THE CODING DEBRIEF	2	742226913	33:36	17	1
682	31	3	3	Your new E-codes	3	742227453	12:20	17	1
683	31	3	3	YOUR E - CODES DEBRIEF	4	742227098	12:49	17	1
684	31	3	3	THE STORIES	5	742227205	02:40	17	1
685	31	3	3	THE STORIES DEBRIEF	6	742227273	22:38	17	1
686	31	4	4	CERTIFICATE	4			18	1
687	31	4	4	HOW TO COMPLETE THE CERTIFICATION	1	742667716	02:32	0	1
688	31	4	4	MCQ Test	2			0	1
689	31	4	4	Certification Videos	3			0	1
690	32	1	1	OUTCOMES	1	742228218	27:27	17	1
691	32	1	1	MY OUTCOMES	2	742228618	21:55	17	1
692	32	1	1	DEFINE MY OUTCOME	3			12	1
693	32	1	1	INCRED OUTCOMES	4	742227964	14:55	17	1
694	32	1	1	INCRED PROCESS DEBRIEF	5	742227583	22:21	17	1
695	32	2	2	CHALLENGES, POWER LEAPS	1	742228974	56:06	17	1
696	32	2	2	INTRODUCTION TO DECISION MAKING	2	742230535	08:14	17	1
697	32	2	2	UNLEASH YOU	3	742230258	16:24	17	1
698	32	2	2	MY PAST DECISIONS DEBRIEF & DECISION MAKING WHEEL	4	742230088	08:00	17	1
699	32	2	2	MAKE THE REAL DECISION	5	742230701	21:06	17	1
700	32	2	2	THE BUZZ MOMENTS	6	742231611	36:04	17	1
701	32	2	2	THE MASTERMIND CIRCLE	7	742230883	49:19	17	1
702	32	2	2	THE SUMMARY	8	742573605	14:28	17	1
703	32	3	3	THE SUCCESS BLUEPRINT	1	742232746	11:19	17	1
704	32	3	3	CRAZY DREAMS	2	742232166	04:51	0	1
705	32	3	3	THE VISION BOARD	3	742232512	10:36	17	1
706	32	3	3	THE VISION BOARD DEBRIEF	4	742232614	17:37	17	1
707	32	3	3	CRAFTING YOUR SUCCESS BLUEPRINT	5	742232432	06:29	17	1
708	32	3	3	THE BEGINNING OF THE JOURNEY	6	742232244	21:18	17	1
709	32	4	4	CERTIFICATE	4			18	1
710	32	4	4	HOW TO COMPLETE THE CERTIFICATION	1	742667716	02:32	0	1
711	32	4	4	MCQ Test	2			0	1
712	32	4	4	Certification Videos	3			0	1
713	6	7	7	THE INCREDIBLE YOU COACH TRAINING PROGRAM REGISTRATION LINK	1			19	1
714	31	5	5	THE INCREDIBLE YOU COACH TRAINING (IPC) PROGRAM REGISTRATION LINK	1			19	1
715	32	5	5	THE INCREDIBLE YOU COACH TRAINING (OUTCOMES) PROGRAM REGISTRATION LINK	1			19	1
716	6	1	1	THE WELCOME SESSION	1	742213307	16:19	0	1
806	38	0	0	INNER DNA TEST	2			1	1
807	38	0	0	THE WELCOME SESSION	1	742213307	16:19	0	1
808	38	0	0	THE WELCOME SESSION DEBRIEF & THE INNER DNA TEST DEBRIEF	3	742213518	16:51	17	1
809	38	0	0	THE WHEEL OF LIFE	4			3	1
810	38	0	0	WHEEL OF LIFE DEBRIEF	5	742213653	29:08	17	1
811	38	0	0	THE SPEECH	6			17	1
812	38	0	0	THE SPEECH DEBRIEF	7	742213817	13:00	17	1
813	38	0	0	DISCOVER YOUR BASELINES	8			4	1
814	38	0	0	INNER DNA	9			17	1
815	38	0	0	BASELINES NON-EXPRESSION DEBRIEF	10			17	1
816	38	0	0	THE CHANGE DEBRIEF	11			17	1
817	38	1	1	DISCOVER YOUR BASELINES DEBRIEF	1	742213932	30:17	17	1
818	38	1	1	BASELINES EXPRESSION	2	742214131	39:35	17	1
819	38	1	1	BASELINES EXPRESSION DEBRIEF	3	742214448	24:30	17	1
820	38	1	1	BASELINES NON-EXPRESSION ACTIVITY	4	742214697	22:05	17	1
821	38	1	1	THE CHANGE	5	742214926	20:18	17	1
822	38	1	1	THE CHANGE DEBRIEF	6			17	1
823	38	1	1	BASELINES NON-EXPRESSION DEBRIEF	7			17	1
824	38	2	2	INTRODUCTION TO INTEGRATED POWER CODING	1	742220280	02:57	17	1
825	38	2	2	THE N - CODES AND THE E - CODES	2	742220146	18:44	17	1
826	38	2	2	LETTING GO AND HOLDING ON	3	742219926	23:58	17	1
827	38	2	2	LETTING GO AND HOLDING ON DEBRIEF (PART 1)	4	742226242	24:32	17	1
828	38	2	2	LETTING GO AND HOLDING ON DEBRIEF (PART 2)	5	742226449	45:55	17	1
829	38	2	2	LETTING GO AND HOLDING ON (LET'S SUM IT UP)	6	742226706	14:52	17	1
830	38	3	3	THE CODING	1	742226827	05:17	8	1
831	38	3	3	THE CODING DEBRIEF	2	742226913	33:36	17	1
832	38	3	3	Your new E-codes	3	742227453	12:20	17	1
833	39	1	1	UNLEASH YOU & Aapke faisle	1	742583860	11:58	17	1
834	39	1	1	MERE PAST MEIN KIYE GAYE FAISLE AUR UNKE ANJAM.	2	742583650	14:04	0	1
835	39	1	1	DECISION MAKING WHEEL (ACTIVITY)	3	742584056	08:27	11	1
836	39	1	1	DECISION MAKING WHEEL (DEBRIEF)	4	742584189	13:17	17	1
837	39	1	1	AAIYE,EK FAISLA KARE (ACTIVITY )	5	742583229	16:13	17	1
838	39	1	1	BUZZ MOMENTS KYA HOTE HAI?	6	742582974	14:02	17	1
839	39	1	1	BUZZ MOMENTS (ACTIVITY)	7	742593202	26:08	0	1
840	39	1	1	AAPKA MASTERMIND,AUR AAP KA MAHAUL	8	742582365	20:42	17	1
841	39	1	1	APNA MASTERMIND CHUNE (ACTIVITY)	9	742583502	07:34	0	1
842	39	1	1	APNA MASTERMIND CHUNE (DEBRIEF)	10	742593632	20:14	17	1
843	39	2	2	RECAP	1	742588524	04:19	0	1
844	39	2	2	AAP KA NAZARIYA,AUR USKE NATIJE	2	742588358	09:06	17	1
845	39	2	2	INTRODUCTION TO INTEGRATED POWER CODING	3	742588117	15:27	17	1
846	39	2	2	ZINDAGi KE AHEM PAL (DEFINING MOMENTS)	4	742587875	22:43	17	1
847	39	2	2	LETTING GO AND HOLDING ON (ACTIVITY)	5	742587656	13:53	17	1
848	39	2	2	LETTING GO AND HOLDING ON (DEBRIEF)	6	742587297	22:14	17	1
849	39	2	2	CODING (ACTIVITY AND DEBRIEF)	7	742586689	20:52	8	1
850	39	2	2	PICHHLE HAFTO KA RECAP	8	742587048	03:05	0	1
851	39	2	2	OUTCOMES KYA HOTE HAI	9	742586216	11:36	17	1
852	39	2	2	MERE APNE OUTCOMES	10	742586025	13:30	17	1
853	39	4	4	The Incredible You 10 week Coaching Hub	2			24	1
854	40	1	1	WELCOME TO THE 10-WEEK JOURNEY	1	742194439	04:06	0	1
855	40	1	1	INTRODUCTION	2		NULL	0	1
856	40	1	1	WHO ARE YOU	3			1	1
857	40	1	1	WHO ARE YOU (DEBRIEF)	4	742194482	03:59	0	1
858	40	1	1	WHEEL OF LIFE	5			3	1
859	40	1	1	WHEEL OF LIFE (DEBRIEF)	6	742194543	03:01	0	1
860	40	1	1	NEW TOPIC BEGINS	7		NULL	0	1
861	40	1	1	THE INNER DNA (INTRODUCTION TO THE NEW TOPIC)	8	742194592	NULL	0	1
862	40	1	1	THE SPEECH (ACTIVITY)	9	742194681	NULL	0	1
863	40	1	1	THE SPEECH (DEBRIEF)	10	742194750	02:59	0	1
864	40	2	2	WELCOME TO WEEK 2!	1	742194799	02:32	0	1
865	40	2	2	BASELINES EXPRESSION ACTIVITY	2		NULL	0	1
866	40	2	2	BASELINES EXPRESSION ACTIVITY DEBRIEF	3	742194855	01:54	0	1
867	40	2	2	BASELINES NON EXPRESSION ACTIVITY	4		NULL	0	1
868	40	2	2	BASELINES NON EXPRESSION ACTIVITY DEBRIEF	5	742194906	02:09	0	1
869	40	2	2	THE CHANGE ACTIVITY	6		NULL	0	1
870	40	2	2	THE CHANGE DEBRIEF	7	742194975	04:49	0	1
871	40	2	2	JOURNAL EXERCISE AND CONCLUSION	8		NULL	0	1
872	40	3	3	WELCOME TO WEEK 3, THE INTEGRATED POWER CODING!	1	742195045	NULL	0	1
873	40	3	3	THE DEFINING MOMENTS (ACTIVITY)	2	742195114	06:10	0	1
874	40	3	3	THE DEFINING MOMENTS (DEBRIEF)	3	742195184	05:18	0	1
875	40	3	3	THE JOURNAL EXERCISE	4		NULL	0	1
876	40	4	4	THE CODING	1	742195256	02:56	8	1
877	40	4	4	THE CODING (DEBRIEF)	2		NULL	0	1
878	40	4	4	VISION	3	742195328	11:13	0	1
879	40	4	4	VISION (ACTIVITY)	4		NULL	0	1
880	40	4	4	VISION (DEBRIEF)	5		NULL	0	1
881	40	4	4	JOURNAL EXERCISE	6		NULL	0	1
882	41	1	1	Aapka outcomes plus par swagat hai !	1	742274924	7:57	0	1
883	41	1	1	Kaunse outcome ko ahmiyat de? (ACTIVITY)	2			0	1
884	41	1	1	Kaunse outcome ko ahmiyat de?(DEBRIEF)	3	742274815	5:10	0	1
885	41	1	1	Apne sabse khas outcome ko chune (ACTIVITY)	4			12	1
886	41	1	1	Apne sabse khas outcome ko chune (DEBRIEF)	5			0	1
887	41	1	1	Journal activity	6			0	1
888	41	2	2	INCRED OUTCOMES	1	742274579	19:06	0	1
889	41	2	2	INCRED OUTCOMES BANAYE (ACTIVITY)	2	742274759	03:36	0	1
890	41	2	2	INCRED OUTCOMES BANAYE (DEBRIEF)	3			0	1
891	43	4	4	Journal activity	6			0	1
892	43	5	5	Nauve hafte mein aap sabhi ka swagat hai !	1	784117862	00:51	0	1
893	43	5	5	CRAZY FEARLESS DREAMS & VISION BOARD (ACTIVITY)	2	784118012	01:43	0	1
894	43	5	5	CRAZY FEARLESS DREAMS & VISION BOARD (DEBRIEF)	3	784118334	01:04	0	1
895	43	5	5	JOURNAL ACTIVITY	4	784118636	03:43	0	1
896	43	6	6	Incredible you ke aakhri hafte mein aap sabhi ka swagat hai !	1	784120135	03:19	0	1
897	43	6	6	SUCCESS BLUEPRINT (ACTIVITY)	2	742273250	06:57	0	1
898	43	6	6	SUCCESS BLUEPRINT (DEBRIEF)	3	784120740	02:12	0	1
899	43	6	6	CERTIFICATION	4			18	1
901	38	4	4	Certificate	4			18	1
902	39	2	2	SUMMARY	11	742582850	05:37	0	1
903	39	3	3	RECAP	1	742593057	06:09	0	1
904	39	3	3	AAPKE IMAGINATION KI TAKAT SE BANNE WALA CRAZY DREAMS	2	742592140	28:37	17	1
905	39	3	3	CRAZY DREAMS (ACTIVITY)	3	742592916	05:20	0	1
906	39	3	3	CRAZY DREAMS (DEBRIEF)AUR AAPKA VISION BOARD	4	742591831	23:47	17	1
907	39	3	3	VISION BOARD (DEBRIEF )	5	742592517	11:24	17	1
908	39	3	3	AAPKA KHUD KA SUCCESS BLUEPRINT	6	742591547	21:01	17	1
909	39	3	3	AAPKE INCREDIBLE SAFAR KI SHURUAAT	7	742592761	07:15	0	1
910	44	1	1	10-saptah ki yatra mein aapka swagat hai.	1	742273154	7:52	0	1
911	44	1	1	INNER DNA TEST	2			1	1
912	44	1	1	WHO ARE YOU ( DEBRIEF )	3	742275914	12:17	0	1
913	44	1	1	WHEEL OF LIFE ( ACTIVITY )	4			0	1
914	44	1	1	WHEEL OF LIFE ( DEBRIEF )	5	742276142	8:32	0	1
915	44	1	1	YOUR INNER DNA	6	742276041	12:43	0	1
916	44	1	1	THE SPEECH ( ACTIVITY )	7	742276252	5:45	0	1
917	44	1	1	THE SPEECH ( DEBRIEF )	8	742273083	1:42	0	1
918	44	1	1	DISCOVER YOUR INNER DNA ( ACTIVITY )	9			0	1
919	44	2	2	Incredible you program ke dusre hafte mein aap sabka swagat hai !	1	742275686	7:52	0	1
920	44	2	2	BASELINES EXPRESSION ACTIVITY	2			0	1
921	44	2	2	BASELINES NON - EXPRESSION ACTIVITY	3	742275860	1:37	0	1
922	44	2	2	BASELINES EXPRESSION AND NON - EXPRESSION DEBRIEF	4	742275776	4:10	0	1
923	44	2	2	THE CHANGE ACTIVITY	5			0	1
924	44	2	2	THE CHANGE DEBRIEF AND JOURNAL EXERCISE	6	742275614	5:10	0	1
925	44	3	3	Teesare hafte mein aapka swagat hai!	1	742275542	8:03	0	1
926	44	3	3	DEFINING MOMENTS	2	742275427	9:56	0	1
927	44	3	3	LETTING GO HOLDING ON ACTIVITY	3			0	1
928	44	3	3	LETTING GO HOLDING ON DEBRIEF	4	742275305	11:19	0	1
929	44	4	4	Aapka CODING (TOOL)	1	742275205	5:48	0	1
930	44	4	4	CODING DEBRIEF	2	742275139	2:20	0	1
931	44	4	4	Aapki kahani (ACTIVITY)	3	742275044	7:38	0	1
932	44	4	4	Aapki kahani (DEBRIEF)	4			0	1
933	45	1	1	Aapka outcomes plus par swagat hai !	1	742274924	7:57	0	1
934	45	1	1	Kaunse outcome ko ahmiyat de? (ACTIVITY)	2			0	1
935	45	1	1	Kaunse outcome ko ahmiyat de?(DEBRIEF)	3	742274815	5:10	0	1
936	45	1	1	Apne sabse khas outcome ko chune (ACTIVITY)	4			12	1
937	45	1	1	Apne sabse khas outcome ko chune (DEBRIEF)	5			0	1
938	45	1	1	Journal activity	6			0	1
939	45	2	2	INCRED OUTCOMES	1	742274579	19:06	0	1
940	45	2	2	INCRED OUTCOMES BANAYE (ACTIVITY)	2	742274759	03:36	0	1
941	45	2	2	INCRED OUTCOMES BANAYE (DEBRIEF)	3			0	1
942	45	2	2	CHALLENGES ACTIVITY	4			0	1
943	45	2	2	CHALLENGES DEBRIEF	5			0	1
944	45	2	2	POWER LEAPS (ACTIVITY)	6	742274458	09:12	0	1
945	45	2	2	POWER LEAPS (DEBRIEF)	7	742274391	01:59	0	1
946	45	3	3	Satava hafta, unleash you mein aapka swagat hai	1	742274318	03:50	0	1
947	45	3	3	Meri pichhli zindagi mein kiye hue faisle (ACTIVITY)	2	742274241	01:23	0	1
948	45	3	3	Meri pichhli zindagi mein kiye hue faisle (DEBRIEF)	3	742274199	02:16	0	1
949	45	3	3	DECISION MAKING WHEEL (ACTIVITY)	4	742274094	07:17	11	1
950	45	3	3	DECISION MAKING WHEEL (DEBRIEF)	5			0	1
951	45	3	3	Ek asali faisla kare (ACTIVITY)	6	742273996	06:02	0	1
952	45	3	3	Ek asali faisla kare (DEBRIEF)	7			0	1
953	45	3	3	Journal activity	8			0	1
954	45	4	4	Aathave hafte mein aapka swagat!	1			0	1
955	45	4	4	BUZZ MOMENTS (ACTIVITY)	2	742273868	06:19	0	1
956	45	4	4	BUZZ MOMENTS (DEBRIEF)	3	742273782	05:20	0	1
957	45	4	4	MY MASTERMIND (ACTIVITY)	4	742273568	09:14	0	1
958	45	4	4	MY MASTERMIND (DEBRIEF)	5	742273688	02:08	0	1
959	45	4	4	Journal activity	6			0	1
960	45	5	5	Nauve hafte mein aap sabhi ka swagat hai !	1			0	1
961	45	5	5	CRAZY FEARLESS DREAMS & VISION BOARD (ACTIVITY)	2	742273361	12:21	0	1
962	45	5	5	CRAZY FEARLESS DREAMS & VISION BOARD (DEBRIEF)	3	742273505	02:05	0	1
963	45	5	5	JOURNAL ACTIVITY	4			0	1
964	45	6	6	Incredible you ke aakhri hafte mein aap sabhi ka swagat hai !	1			0	1
965	45	6	6	SUCCESS BLUEPRINT (ACTIVITY)	2	742273250	06:57	0	1
966	45	6	6	SUCCESS BLUEPRINT (DEBRIEF)	3			0	1
967	45	6	6	CERTIFICATION	4			18	1
968	38	4	4	Client Registration link demo	1			19	1
969	38	4	4	The Incredible You 10 week Coaching Hub	2			24	1
970	38	4	4	The Incredible You program registration link	3			19	1
971	40	1	1	DISCOVER YOUR INNER DNA	11			4	1
972	40	5	5	CERTIFICATION	1			18	1
973	38	5	5	THE INCREDIBLE YOU FOUNDATION IN HINDI PROGRAM REGISTRATION LINK	1			19	1
974	43	1	1	Journal activity	6			0	1
975	46	0	0	Aap kaun hai? - personality assessment	1			0	1
976	46	1	1	Naye safar ki shuruaat	1	743354446	06:30	0	1
977	46	1	1	Zindagi ka maksad	2	743354276	29:39	17	1
978	46	2	2	Aapke aur aapke maksad ke bich ki rukawat	1	743354385	21:43	17	1
979	46	2	2	Aapki mushkil ka aapki zindagi par asar	2	743354200	17:48	17	1
980	46	3	3	Khushiyo se bhari zindagi	1	743354046	43:51	17	1
981	46	3	3	Ek kadam, incredible insaan banne ki taraf	2			0	1
982	46	4	4	Certification	1		NULL	18	1
983	47	5	5	Certification	1			18	1
984	47	0	0	INNER DNA TEST	1			2	1
985	47	33	1	1. THE JOURNEY BEGINS	1	742583117	07:27	0	1
986	47	1	1	2. THE FEARS	2	742583016	14:33	17	1
987	47	2	2	1. THE SECRET TO BECOMING TRULY INCREDIBLE	1	742583211	13:29	17	1
988	47	3	3	1. QUALITY OF YOUR STATE = QUALITY OF YOUR LIFE	1	742583358	13:59	0	1
989	47	4	4	1. POSSIBILITIES	1	742583441	10:36	17	1
991	47	4	4	2. NEXT STEP	2	943590867	13:40	0	1
992	50	1	1	WELCOME TO THE 10-WEEK JOURNEY	1	742194439	04:06	0	1
993	50	1	1	INTRODUCTION	2		NULL	0	1
994	50	1	1	WHO ARE YOU	3			1	1
995	50	1	1	WHO ARE YOU (DEBRIEF)	4	742194482	03:59	0	1
996	50	1	1	WHEEL OF LIFE	5			3	1
997	50	1	1	THE SPEECH (DEBRIEF)	10	742194750	02:59	0	1
998	50	1	1	DISCOVER YOUR INNER DNA	11			4	1
999	50	1	1	WHEEL OF LIFE (DEBRIEF)	6	742194543	03:01	0	1
1000	50	2	2	WELCOME TO WEEK 2!	1	742194799	02:32	0	1
1001	50	2	2	BASELINES EXPRESSION ACTIVITY DEBRIEF	3	742194855	01:54	0	1
1002	50	2	2	BASELINES NON EXPRESSION ACTIVITY DEBRIEF	5	742194906	02:09	0	1
1003	50	2	2	THE CHANGE DEBRIEF	7	742194975	04:49	0	1
1004	50	3	3	THE DEFINING MOMENTS (ACTIVITY)	2	742195114	06:10	0	1
1005	50	3	3	THE DEFINING MOMENTS (DEBRIEF)	3	742195184	05:18	0	1
1006	50	4	4	THE CODING	1	742195256	02:56	8	1
1007	50	4	4	VISION	3	742195328	11:13	0	1
1008	50	4	4	VISION (ACTIVITY)	4		NULL	0	1
1009	50	4	4	VISION (DEBRIEF)	5		NULL	0	1
1010	50	4	4	JOURNAL EXERCISE	6		NULL	0	1
1011	50	5	5	WELCOME TO WEEK 5, THE OUTCOMES PLUS!	1	742207800	04:19	0	1
1012	50	5	5	WHAT DO I NEED TO FOCUS ON? (ACTIVITY)	2		NULL	0	1
1013	50	5	5	DEFINE THE OUTCOME	4			12	1
1014	50	5	5	DEFINE THE OUTCOME (DEBRIEF)	5	742207748	02:21	0	1
1015	50	5	5	JOURNAL EXERCISE	6		NULL	0	1
1016	50	6	6	WELCOME TO WEEK 6, THE OUTCOMES PLUS LEVEL 2!	1		NULL	0	1
1017	50	6	6	CRAFTING INCRED OUTCOME (ACTIVITY)	3		NULL	0	1
1018	50	6	6	THE INCRED PROCESS	2	742208747	09:44	0	1
1019	50	6	6	CRAFTING INCRED OUTCOME (DEBRIEF)	4		NULL	0	1
1020	50	6	6	POWER LEAPS	7	742208915	06:33	0	1
1021	50	6	6	POWER LEAPS (ACTIVITY)	8		NULL	0	1
1022	50	6	6	POWER LEAPS (DEBRIEF)	9	742208997	NULL	0	1
1023	50	6	6	JOURNAL EXERCISE	10		NULL	0	1
1024	50	7	7	WELCOME TO WEEK 7, UNLEASH YOU!	1		NULL	0	1
1025	50	7	7	MY PAST DECISIONS (ACTIVITY)	2	742600302	NULL	0	1
1026	50	7	7	MY PAST DECISIONS (DEBRIEF)	3		NULL	0	1
1027	50	7	7	THE DECISION-MAKING WHEEL	4		NULL	11	1
1028	50	7	7	THE DECISION-MAKING WHEEL (DEBRIEF)	5		NULL	0	1
1029	50	7	7	LET'S MAKE A DECISION	6		NULL	11	1
1030	50	7	7	LET'S MAKE A DECISION (DEBRIEF)	7	742600374	NULL	0	1
1031	50	7	7	JOURNAL EXERCISE	8		NULL	0	1
1032	50	8	8	WELCOME TO WEEK 8, UNLEASH YOU CONTINUES!	1		NULL	0	1
1033	50	8	8	BUZZ MOMENTS (ACTIVITY)	2	742600443	NULL	0	1
1034	50	8	8	BUZZ MOMENTS (DEBRIEF)	3	742613615	NULL	0	1
1035	50	8	8	MY MASTERMIND CIRCLE (ACTIVITY)	4	742599970	NULL	0	1
1036	50	8	8	MY MASTERMIND CIRCLE (DEBRIEF)	5	742600026	NULL	0	1
1037	50	8	8	JOURNAL EXERCISE	6		NULL	0	1
1038	50	9	9	WELCOME TO WEEK 9, THE SUCCESS BLUEPRINT!	1		NULL	0	1
1039	50	9	9	CRAZY FEARLESS DREAMS (ACTIVITY)	2	742600078	NULL	0	1
1040	50	9	9	CRAZY FEARLESS DREAMS (DEBRIEF)	3	742600158	NULL	0	1
1041	50	9	9	JOURNAL EXERCISE	4		NULL	0	1
1042	50	10	10	WELCOME TO WEEK 10, THE SUCCESS BLUEPRINT, THE FINAL BLUEPRINT	1	742600212	NULL	0	1
1043	50	10	10	CERTIFICATION	2			18	1
1044	55	8	8	CERTIFICATE	1			18	1
1045	54	1	1	WELCOME TO THE 10-WEEK JOURNEY	1	742194439	04:06	0	1
1046	54	1	1	INTRODUCTION	2		NULL	0	1
1047	54	1	1	WHO ARE YOU	3			1	1
1048	54	1	1	WHO ARE YOU (DEBRIEF)	4	742194482	03:59	0	1
1049	54	1	1	WHEEL OF LIFE	5			3	1
1050	54	1	1	WHEEL OF LIFE (DEBRIEF)	6	742194543	03:01	0	1
1051	54	1	1	NEW TOPIC BEGINS	7		NULL	0	1
1052	54	1	1	THE INNER DNA (INTRODUCTION TO THE NEW TOPIC)	8	742194592	NULL	0	1
1053	54	1	1	THE SPEECH (ACTIVITY)	9	742194681	NULL	0	1
1054	54	1	1	THE SPEECH (DEBRIEF)	10	742194750	02:59	0	1
1055	54	1	1	DISCOVER YOUR INNER DNA	11			4	1
1056	54	2	2	WELCOME TO WEEK 2!	1	742194799	02:32	0	1
1057	54	2	2	BASELINES EXPRESSION ACTIVITY	2		NULL	0	1
1058	54	2	2	BASELINES EXPRESSION ACTIVITY DEBRIEF	3	742194855	01:54	0	1
1059	54	2	2	BASELINES NON EXPRESSION ACTIVITY	4		NULL	0	1
1060	54	2	2	BASELINES NON EXPRESSION ACTIVITY DEBRIEF	5	742194906	02:09	0	1
1061	54	2	2	THE CHANGE ACTIVITY	6		NULL	0	1
1062	54	2	2	THE CHANGE DEBRIEF	7	742194975	04:49	0	1
1063	54	2	2	JOURNAL EXERCISE AND CONCLUSION	8		NULL	0	1
1064	54	3	3	WELCOME TO WEEK 3, THE INTEGRATED POWER CODING!	1	742195045	NULL	0	1
1065	54	3	3	THE DEFINING MOMENTS (ACTIVITY)	2	742195114	06:10	0	1
1066	54	3	3	THE DEFINING MOMENTS (DEBRIEF)	3	742195184	05:18	0	1
1067	54	3	3	THE JOURNAL EXERCISE	4		NULL	0	1
1068	54	4	4	THE CODING	1	742195256	02:56	8	1
1069	54	4	4	THE CODING (DEBRIEF)	2		NULL	0	1
1070	54	4	4	VISION	3	742195328	11:13	0	1
1071	54	4	4	VISION (ACTIVITY)	4		NULL	0	1
1072	54	4	4	VISION (DEBRIEF)	5		NULL	0	1
1073	54	4	4	JOURNAL EXERCISE	6		NULL	0	1
1074	54	5	5	WELCOME TO WEEK 5, THE OUTCOMES PLUS!	1	742207800	04:19	0	1
1075	54	5	5	WHAT DO I NEED TO FOCUS ON? (ACTIVITY)	2		NULL	0	1
1076	54	5	5	WHAT DO I NEED TO FOCUS ON? (DEBRIEF)	3		NULL	0	1
1077	54	5	5	DEFINE THE OUTCOME	4		NULL	12	1
1078	54	5	5	DEFINE THE OUTCOME (DEBRIEF)	5	742207748	02:21	0	1
1079	54	5	5	JOURNAL EXERCISE	6		NULL	0	1
1080	54	6	6	WELCOME TO WEEK 6, THE OUTCOMES PLUS LEVEL 2!	1	742208747	NULL	0	1
1081	54	6	6	CRAFTING INCRED OUTCOME (ACTIVITY)	2		NULL	0	1
1082	54	6	6	THE INCRED PROCESS	3	742208747	09:44	0	1
1083	54	6	6	CRAFTING INCRED OUTCOME (DEBRIEF)	4		NULL	0	1
1084	54	6	6	CHALLENGES (ACTIVITY)	5		NULL	0	1
1085	54	6	6	CHALLENGES (DEBRIEF)	6	742208861	NULL	0	1
1086	54	6	6	POWER LEAPS	7	742208915	06:33	0	1
1087	54	6	6	POWER LEAPS (ACTIVITY)	8		NULL	0	1
1088	54	6	6	POWER LEAPS (DEBRIEF)	9	742208997	NULL	0	1
1089	54	6	6	JOURNAL EXERCISE	10		NULL	0	1
1090	54	7	7	WELCOME TO WEEK 7, UNLEASH YOU!	1		NULL	0	1
1091	54	7	7	MY PAST DECISIONS (ACTIVITY)	2	742600302	NULL	0	1
1092	54	7	7	MY PAST DECISIONS (DEBRIEF)	3		NULL	0	1
1093	54	7	7	THE DECISION-MAKING WHEEL	4		NULL	11	1
1094	54	7	7	THE DECISION-MAKING WHEEL (DEBRIEF)	5		NULL	0	1
1095	54	7	7	LET'S MAKE A DECISION	6		NULL	11	1
1096	54	7	7	LET'S MAKE A DECISION (DEBRIEF)	7	742600374	NULL	0	1
1097	54	7	7	JOURNAL EXERCISE	8		NULL	0	1
1098	54	8	8	WELCOME TO WEEK 8, UNLEASH YOU CONTINUES!	1		NULL	0	1
1099	54	8	8	BUZZ MOMENTS (ACTIVITY)	2	742600443	NULL	0	1
1100	54	8	8	BUZZ MOMENTS (DEBRIEF)	3	742613615	NULL	0	1
1101	54	8	8	MY MASTERMIND CIRCLE (ACTIVITY)	4	742599970	NULL	0	1
1102	54	8	8	MY MASTERMIND CIRCLE (DEBRIEF)	5	742600026	NULL	0	1
1103	54	8	8	JOURNAL EXERCISE	6		NULL	0	1
1104	54	9	9	WELCOME TO WEEK 9, THE SUCCESS BLUEPRINT!	1		NULL	0	1
1105	54	9	9	CRAZY FEARLESS DREAMS (ACTIVITY)	2	742600078	NULL	0	1
1106	54	9	9	CRAZY FEARLESS DREAMS (DEBRIEF)	3	742600158	NULL	0	1
1107	54	9	9	JOURNAL EXERCISE	4		NULL	0	1
1108	54	10	10	WELCOME TO WEEK 10, THE SUCCESS BLUEPRINT, THE FINAL BLUEPRINT	1	742600212	NULL	0	1
1109	54	10	10	CERTIFICATION	2			18	1
